;name;github_id;dockerhub_id;pypi_id;npm_id;helm_id;brew_id;apt_id;yum_id;maven_id;category;github_url;homepage;created_at;updated_at;fork_count;open_issue_count;closed_issue_count;star_count;commit_count;latest_stable_release_published_at;latest_stable_release_number;release_count;description;contributor_count;sourcerank;pypi_url;license;dependent_project_count;pypi_dependent_project_count;pypi_monthly_downloads;monthly_downloads;npm_url;npm_dependent_project_count;npm_monthly_downloads;maven_url;maven_dependent_project_count;dockerhub_url;dockerhub_stars;dockerhub_pulls;show;sourcerank_placing;gem_id;conda_id;go_id;conda_url;github_dependent_project_count;pkg_id;cran_od;conda_dependent_project_count;github_release_downloads;zypper_id;docs_url;yarn_id;cran_id;nuget_id;snap_id
0;Elasticsearch;elastic/elasticsearch;elasticsearch;elasticsearch;elasticsearch;elastic/elasticsearch;elasticsearch;elasticsearch;elasticsearch;org.elasticsearch.client:transport;data-storage;https://github.com/elastic/elasticsearch;https://github.com/elastic/elasticsearch;2010-02-08 13:20:56+00:00;2019-10-29 22:54:09+00:00;15161;2242.0;19617.0;49021;49003.0;2019-10-23 14:23:54+00:00;7.4.1;122.0;Open Source, Distributed, RESTful Search Engine.;1483;40;https://pypi.org/project/elasticsearch;Apache-2.0;19610.0;10040.0;3122163.0;7065957.0;https://www.npmjs.com/package/elasticsearch;7488.0;1202971.0;https://search.maven.org/artifact/org.elasticsearch.client/transport;2082.0;https://hub.docker.com/r/_/elasticsearch;3942.0;317935548.0;True;1;;;;;;;;;;;;;;;
1;MongoDB;mongodb/mongo;mongo;pymongo;mongodb;incubator/mongodb;;;;org.mongodb:mongodb-driver-sync;data-storage;https://github.com/mongodb/mongo;https://github.com/mongodb/mongo;2009-01-15 16:15:18+00:00;2019-10-29 23:25:24+00:00;4222;41.0;;23240;48867.0;2019-08-28 17:40:29.056000+00:00;3.3.2;340.0;The MongoDB Database.;648;38;https://pypi.org/project/pymongo;SSPL;214500.0;32876.0;4929686.0;20173935.0;https://www.npmjs.com/package/mongodb;181544.0;5663763.0;https://search.maven.org/artifact/org.mongodb/mongodb-driver-sync;80.0;https://hub.docker.com/r/_/mongo;6302.0;1235882809.0;False;1;redis;mongodb;go.mongodb.org/mongo-driver;https://anaconda.org/anaconda/mongodb;;;;;;;;;;;
2;PostgreSQL;postgres/postgres;postgres;psycopg2;pg;stable/postgresql;;;;org.postgresql:postgresql;data-storage;https://github.com/postgres/postgres;https://github.com/postgres/postgres;2010-09-21 11:35:45+00:00;2019-10-29 08:45:07+00:00;1955;;;14734;47979.0;2019-08-09 21:03:44.439000+00:00;7.12.1;206.0;Object-relational database that supports an extended subset of the..;50;38;https://pypi.org/project/psycopg2;PostgreSQL;223400.0;108588.0;5749608.0;24587147.0;https://www.npmjs.com/package/pg;73898.0;4101695.0;https://search.maven.org/artifact/org.postgresql/postgresql;40914.0;https://hub.docker.com/r/_/postgres;7132.0;1606207101.0;True;1;;;github.com/lib/pq;;;;;;;;;;;;
3;Spark;apache/spark;bde2020/spark-master;pyspark;;stable/spark;;;;org.apache.spark:spark-catalyst_2.11;data-processing;https://github.com/apache/spark;https://github.com/apache/spark;2014-02-25 08:00:08+00:00;2019-10-30 00:45:26+00:00;20394;474.0;;24030;25559.0;2019-05-07 06:56:31+00:00;2.4.3;33.0;Unified analytics engine for big data processing, with built-in..;2137;37;https://pypi.org/project/pyspark;Apache-2.0;931.0;600.0;2328410.0;2330431.0;;;;https://search.maven.org/artifact/org.apache.spark/spark-catalyst_2.11;92.0;https://hub.docker.com/r/bde2020/spark-master;31.0;137438.0;True;1;;;;;239.0;;;;;;;;;;
4;Visual Studio Code;microsoft/vscode;;;monaco-editor-core;;;;;;dev-environments;https://github.com/microsoft/vscode;https://github.com/microsoft/vscode;2015-09-03 20:23:38+00:00;2019-10-30 00:04:16+00:00;12512;3696.0;72970.0;85201;56510.0;2019-10-24 12:52:12+00:00;1.39.2;59.0;Visual Studio Code.;1210;36;;MIT;956.0;;;13494.0;https://www.npmjs.com/package/monaco-editor-core;450.0;13494.0;;;;;;True;1;;;;;506.0;;;;;;;;;;
5;Redis;antirez/redis;redis;redis;redis;bitnami/redis;;;;redis.clients:jedis;data-storage;https://github.com/antirez/redis;https://github.com/antirez/redis;2009-03-21 22:32:25+00:00;2019-10-29 22:37:57+00:00;15073;2386.0;2220.0;46854;;2019-08-19 19:39:45+00:00;3.3.8;100.0;Redis is an in-memory database that persists on disk. The data model..;388;36;https://pypi.org/project/redis;BSD-3-Clause;159558.0;45870.0;5814576.0;21065305.0;https://www.npmjs.com/package/redis;79118.0;5371671.0;https://search.maven.org/artifact/redis.clients/jedis;34570.0;https://hub.docker.com/r/_/redis;7459.0;1254640397.0;True;2;redis;redis;github.com/prometheus/client_golang/prometheus;https://anaconda.org/anaconda/redis;;;;;;;;;;;
6;InfluxDB;influxdata/influxdb;influxdb;influxdb;influx;stable/influxdb;influxdb;influxdb;influxdb;org.influxdb:influxdb-java;data-storage;https://github.com/influxdata/influxdb;https://github.com/influxdata/influxdb;2013-09-26 14:31:10+00:00;2019-10-30 00:44:32+00:00;2462;607.0;8147.0;18493;31500.0;2019-09-21 17:56:26.798000+00:00;5.4.2;52.0;Scalable datastore for metrics, events, and real-time analytics.;461;36;https://pypi.org/project/influxdb;MIT;3692.0;1902.0;694492.0;5509020.0;https://www.npmjs.com/package/influx;922.0;155745.0;https://search.maven.org/artifact/org.influxdb/influxdb-java;868.0;https://hub.docker.com/r/_/influxdb;845.0;340091190.0;True;2;;;;;;influxdb;influxdbr;;;;;;;;
7;Cython;cython/cython;;Cython;;;;;;;accelerators;https://github.com/cython/cython;https://github.com/cython/cython;2010-11-21 07:44:20+00:00;2019-10-28 23:10:23+00:00;906;700.0;1328.0;4617;15197.0;2019-08-16 12:51:15+00:00;0.29.13;88.0;The most widely used Python to C compiler.;364;36;https://pypi.org/project/Cython;Apache-2.0;60644.0;24014.0;3595018.0;3595018.0;;;;;;;;;True;1;;cython;;https://anaconda.org/anaconda/cython;36630.0;;;0.0;;;;;;;
8;Prometheus;prometheus/prometheus;prom/prometheus;prometheus_client;;stable/prometheus;;;;io.prometheus:simpleclient;data-storage;https://github.com/prometheus/prometheus;https://github.com/prometheus/prometheus;2012-11-24 11:14:12+00:00;2019-10-29 23:28:23+00:00;3983;484.0;2585.0;28100;7174.0;2019-10-17 18:40:53+00:00;2.13.1;100.0;The Prometheus monitoring system and time series database.;453;35;https://pypi.org/project/prometheus_client;Apache-2.0;2172.0;1174.0;3021098.0;8220702.0;;;;https://search.maven.org/artifact/io.prometheus/simpleclient;998.0;https://hub.docker.com/r/prom/prometheus;863.0;410629024.0;True;2;prometheus-client;conda-forge/prometheus_client;github.com/prometheus/client_golang/prometheus;https://anaconda.org/conda-forge/prometheus_client;;;;;11099748.0;;;;;;
9;JupyterLab;jupyterlab/jupyterlab;;jupyterlab;;;;;;;dev-environments;https://github.com/jupyterlab/jupyterlab;https://github.com/jupyterlab/jupyterlab;2016-06-03 20:09:17+00:00;2019-10-29 22:59:48+00:00;1392;1241.0;2903.0;8968;17150.0;2019-10-29 22:59:04+00:00;1.2.0;228.0;JupyterLab computational environment.;294;35;https://pypi.org/project/jupyterlab;BSD-3-Clause;11826.0;1572.0;318580.0;318580.0;;;;;;;;;True;1;;;;;10254.0;;;;;;;;;;
10;Jupyter;jupyter/notebook;jupyter/datascience-notebook;jupyter;;;;;;;dev-environments;https://github.com/jupyter/notebook;https://github.com/jupyter/notebook;2015-04-09 06:58:03+00:00;2019-10-29 22:48:39+00:00;2680;1659.0;1806.0;6972;11580.0;2018-11-05 02:14:50+00:00;5.6.0;14.0;Jupyter Interactive Notebook.;457;35;https://pypi.org/project/jupyter;BSD-3-Clause;53822.0;12938.0;1821478.0;1935950.0;;;;;;https://hub.docker.com/r/jupyter/datascience-notebook;551.0;6181519.0;True;1;;;;;40884.0;;;;;;;;;;
11;Minio;minio/minio;minio/minio;minio;minio;bitnami/minio;minio/stable/minio;;;io.minio:minio;data-storage;https://github.com/minio/minio;https://github.com/minio/minio;2015-01-14 19:23:58+00:00;2019-10-30 00:16:55.775285+00:00;1762;142.0;3460.0;18932;6120.0;2019-10-29 02:41:15+00:00;5.0.4;100.0;MinIO is a high performance object storage server compatible with..;198;34;https://pypi.org/project/minio;Apache-2.0;736.0;288.0;112631.0;4992245.0;https://www.npmjs.com/package/minio;250.0;80751.0;https://search.maven.org/artifact/io.minio/minio;198.0;https://hub.docker.com/r/minio/minio;271.0;273535227.0;True;2;;conda-forge/minio;github.com/minio/minio-go/v6;https://anaconda.org/conda-forge/minio;;minio;;;;;;;;;
12;Neo4j;neo4j/neo4j;neo4j;neo4j;neo4j-driver;;;neo4j;neo4j;org.neo4j:neo4j;data-storage;https://github.com/neo4j/neo4j;https://github.com/neo4j/neo4j;2012-11-12 08:46:15+00:00;2019-10-29 11:17:10+00:00;1692;233.0;2413.0;7754;31427.0;2019-10-04 16:11:13+00:00;1.7.5;257.0;Graphs for Everyone.;257;34;https://pypi.org/project/neo4j;GPL-3.0;4198.0;30.0;64828.0;897939.0;https://www.npmjs.com/package/neo4j-driver;822.0;98780.0;https://search.maven.org/artifact/org.neo4j/neo4j;2788.0;https://hub.docker.com/r/_/neo4j;724.0;60949491.0;False;2;;;github.com/neo4j/neo4j-go-driver/neo4j;;558.0;;;;;neo4j;;;;;
13;Numba;numba/numba;;numba;;;;;;;accelerators;https://github.com/numba/numba;https://github.com/numba/numba;2012-03-08 11:12:43+00:00;2019-10-29 22:05:23+00:00;567;984.0;1688.0;4647;15070.0;2019-10-25 16:19:44+00:00;0.46.0;66.0;NumPy aware dynamic Python compiler using LLVM.;160;34;https://pypi.org/project/numba;BSD-2-Clause;14472.0;2888.0;848526.0;848526.0;;;;;;;;;True;1;;numba;;https://anaconda.org/anaconda/numba;11584.0;;;0.0;;;;;;;
14;Grafana;grafana/grafana;grafana/grafana;;;;grafana;grafana;;;data-viz;https://github.com/grafana/grafana;https://github.com/grafana/grafana;2013-12-11 15:59:56+00:00;2019-10-29 22:40:42+00:00;6154;2301.0;11694.0;32959;23007.0;2019-10-16 14:38:55+00:00;6.4.3;100.0;The tool for beautiful monitoring and metric analytics & dashboards..;1105;33;;Apache-2.0;6.0;;;8115432.0;;;;;;https://hub.docker.com/r/grafana/grafana;1257.0;568080262.0;True;1;;;;;6.0;;;;;;;;;;
15;Airflow;apache/airflow;apache/airflow;apache-airflow;;stable/airflow;;;;;pipelines;https://github.com/apache/airflow;https://github.com/apache/airflow;2015-04-13 18:04:58+00:00;2019-10-29 22:19:27+00:00;5229;306.0;;14467;7280.0;2019-09-04 10:35:13+00:00;1.10.5;31.0;Platform to programmatically author, schedule, and monitor workflows.;1226;33;https://pypi.org/project/apache-airflow;Apache-2.0;788.0;206.0;345966.0;350703.0;;;;;;https://hub.docker.com/r/apache/airflow;54.0;255596.0;True;1;;conda-forge/airflow;;https://anaconda.org/conda-forge/airflow;582.0;;;;231.0;;;;;;
16;luigi;spotify/luigi;;luigi;;stable/luigi;;;;;pipelines;https://github.com/spotify/luigi;https://github.com/spotify/luigi;2012-09-20 15:06:38+00:00;2019-10-29 08:06:51+00:00;2027;62.0;746.0;12398;3835.0;2019-09-24 20:24:06+00:00;2.8.9;63.0;Luigi is a Python module that helps you build complex pipelines of..;515;33;https://pypi.org/project/luigi;Apache-2.0;1502.0;614.0;178271.0;178271.0;;;;;;;;;True;1;;luigi;;https://anaconda.org/anaconda/luigi;888.0;;;;;;;;;;
17;Flink;apache/flink;flink;;;;;;;org.apache.flink:flink-core;data-processing;https://github.com/apache/flink;https://github.com/apache/flink;2014-06-07 07:00:10+00:00;2019-10-29 21:29:11+00:00;5794;483.0;;10931;18811.0;2019-02-11 15:46:14+00:00;1.7.2;65.0;Stream processing framework with powerful stream- and batch-..;850;33;;Apache-2.0;559.0;;;652166.0;;;;https://search.maven.org/artifact/org.apache.flink/flink-core;456.0;https://hub.docker.com/r/_/flink;125.0;41738679.0;True;1;;;;;103.0;;;;;;;;;;
18;Beam;apache/beam;;apache-beam;;;;;;org.apache.beam:beam-sdks-java-core;data-processing;https://github.com/apache/beam;https://github.com/apache/beam;2016-02-02 08:00:06+00:00;2019-10-29 23:56:09+00:00;2126;135.0;;3444;23678.0;2019-10-07 21:00:22+00:00;2.16.0;19.0;Unified programming model to define and execute data processing..;690;33;https://pypi.org/project/apache-beam;Apache-2.0;396.0;126.0;2172676.0;2172676.0;;;;https://search.maven.org/artifact/org.apache.beam/beam-sdks-java-core;270.0;;;;True;1;;;;;;;;;;;;;;;
19;Hazelcast;hazelcast/hazelcast;hazelcast/hazelcas;hazelcast-python-client;hazelcast-client;stable/hazelcast;;;;com.hazelcast:hazelcast;data-storage;https://github.com/hazelcast/hazelcast;https://github.com/hazelcast/hazelcast;2012-03-21 12:25:18+00:00;2019-10-29 23:18:26+00:00;1178;827.0;5031.0;3388;29276.0;2019-10-24 09:47:52+00:00;3.12.3;181.0;Open Source In-Memory Data Grid.;241;33;https://pypi.org/project/hazelcast-python-client;Apache-2.0;13744.0;1.0;9436.0;11293.0;https://www.npmjs.com/package/hazelcast-client;38.0;1857.0;https://search.maven.org/artifact/com.hazelcast/hazelcast;4962.0;https://hub.docker.com/r/hazelcast/hazelcas;;;True;3;;;github.com/hazelcast/hazelcast-go-client;;8743.0;;;;;;;;;;
20;RethinkDB;rethinkdb/rethinkdb;rethinkdb;rethinkdb;rethinkdb;stable/rethinkdb;;;;com.rethinkdb:rethinkdb-driver;data-storage;https://github.com/rethinkdb/rethinkdb;https://github.com/rethinkdb/rethinkdb;2012-10-30 05:37:47+00:00;2019-10-29 18:23:00+00:00;1710;1444.0;4748.0;23310;;2019-08-30 14:38:13+00:00;2.4.3;67.0;The open-source database for the realtime web.;235;32;https://pypi.org/project/rethinkdb;Apache-2.0;4255.0;854.0;21041.0;656542.0;https://www.npmjs.com/package/rethinkdb;3142.0;32824.0;https://search.maven.org/artifact/com.rethinkdb/rethinkdb-driver;;https://hub.docker.com/r/_/rethinkdb;524.0;50621718.0;True;3;rethinkdb;;;;259.0;;;;2906.0;;;;;;
21;TensorFlow.js;tensorflow/tfjs;;;@tensorflow/tfjs;;;;;;model-deployment;https://github.com/tensorflow/tfjs;https://github.com/tensorflow/tfjs;2018-03-05 05:41:02+00:00;2019-10-30 00:36:26+00:00;933;463.0;1336.0;11945;3364.0;2019-10-25 19:51:28.314000+00:00;1.3.0;69.0;A WebGL accelerated JavaScript library for training and deploying ML..;208;32;;Apache-2.0;6265.0;;;49352.0;https://www.npmjs.com/package/@tensorflow/tfjs;968.0;49352.0;;;;;;True;1;;;;;5297.0;;;;12.0;;;;;;
22;Storm;apache/storm;storm;;;gresearch/storm;;;;org.apache.storm:storm-core;data-processing;https://github.com/apache/storm;https://github.com/apache/storm;2013-11-05 08:00:14+00:00;2019-10-29 17:52:40+00:00;3981;37.0;;6002;10148.0;2019-04-29 00:00:00+00:00;2.0.0;38.0;Distributed real-time computational system for processing data..;473;32;;Apache-2.0;3923.0;;;42290.0;;;;https://search.maven.org/artifact/org.apache.storm/storm-core;3920.0;https://hub.docker.com/r/_/storm;112.0;3002622.0;True;2;;;;;3.0;;;;;;;;;;
23;Spyder;spyder-ide/spyder;;spyder;;;;spyder3;;;dev-environments;https://github.com/spyder-ide/spyder;https://github.com/spyder-ide/spyder;2015-02-16 22:49:48+00:00;2019-10-29 22:56:19+00:00;946;787.0;7806.0;4845;17282.0;2019-07-15 18:49:17+00:00;3.3.6;48.0;Official repository for Spyder - The Scientific Python Development..;180;32;https://pypi.org/project/spyder;MIT;8843.0;1164.0;32411.0;32411.0;;;;;;;;;True;2;;spyder;;https://anaconda.org/anaconda/spyder;7679.0;;;0.0;;;;;;;
24;OrientDB;orientechnologies/orientdb;orientdb;pyorient;orientjs;incubator/orientdb;;;;com.orientechnologies:orientdb-core;data-storage;https://github.com/orientechnologies/orientdb;https://github.com/orientechnologies/orientdb;2012-12-09 20:33:47+00:00;2019-10-29 14:01:17+00:00;795;1428.0;6905.0;4123;15066.0;2019-10-28 12:23:54+00:00;3.1.0-beta1;156.0;OrientDB is the most versatile DBMS supporting Graph, Document,..;174;32;https://pypi.org/project/pyorient;Apache-2.0;1210.0;40.0;3392.0;138263.0;https://www.npmjs.com/package/orientjs;200.0;18511.0;https://search.maven.org/artifact/com.orientechnologies/orientdb-core;636.0;https://hub.docker.com/r/_/orientdb;120.0;9541544.0;True;3;;;;;334.0;;;;;;;;;;
25;Kibana;elastic/kibana;kibana;;;;;;;;data-viz;https://github.com/elastic/kibana;https://github.com/elastic/kibana;2013-01-26 04:00:59+00:00;2019-10-30 00:12:05+00:00;4820;5056.0;14123.0;14775;28676.0;2019-10-23 14:24:00+00:00;7.4.1;12.0;Your window into the Elastic Stack.;479;31;;Apache-2.0;5.0;;;871954.0;;;;;;https://hub.docker.com/r/_/kibana;1614.0;70628282.0;True;1;;;;;5.0;;;;;;https://www.elastic.co/guide/en/kibana/current/index.html;;;;
26;ArangoDB;arangodb/arangodb;arangodb;pyarango;arangojs;;arangodb;;;com.arangodb:arangodb-java-driver;data-storage;https://github.com/arangodb/arangodb;https://github.com/arangodb/arangodb;2011-10-26 06:42:00+00:00;2019-10-29 23:48:25+00:00;570;529.0;2971.0;8925;45273.0;2019-09-05 00:00:00+00:00;6.2.0;90.0;ArangoDB is a native multi-model database with flexible data models..;122;31;https://pypi.org/project/pyarango;Apache-2.0;550.0;6.0;5567.0;184883.0;https://www.npmjs.com/package/arangojs;416.0;20151.0;https://search.maven.org/artifact/com.arangodb/arangodb-java-driver;128.0;https://hub.docker.com/r/_/arangodb;168.0;15279922.0;True;3;;;github.com/arangodb/go-driver;;;;;;;;;arangojs;;;
27;JupyterHub;jupyterhub/jupyterhub;jupyterhub/jupyterhub;jupyterhub;;;;;;;dev-environments;https://github.com/jupyterhub/jupyterhub;https://github.com/jupyterhub/jupyterhub;2014-06-12 23:22:10+00:00;2019-10-29 14:43:51+00:00;1227;362.0;1260.0;5354;3834.0;2019-05-03 14:13:53+00:00;1.0.0;35.0;Multi-user server for Jupyter notebooks.;181;31;https://pypi.org/project/jupyterhub;BSD-3-Clause;1087.0;452.0;41625.0;57443.0;;;;;;https://hub.docker.com/r/jupyterhub/jupyterhub;224.0;1012384.0;True;2;;;;;635.0;;;;;;;;;;
28;Ignite;apache/ignite;apacheignite/ignite;pyignite;apache-ignite-client;stable/ignite;;;;org.apache.ignite:ignite-core;data-storage;https://github.com/apache/ignite;https://github.com/apache/ignite;2015-02-19 08:00:05+00:00;2019-10-29 17:54:12+00:00;1358;430.0;;2869;26355.0;2018-12-10 21:06:23.011000+00:00;1.0.0;20.0;Memory-centric distributed database, caching and processing platform..;315;31;https://pypi.org/project/pyignite;Apache-2.0;457.0;;1497.0;170423.0;https://www.npmjs.com/package/apache-ignite-client;;263.0;https://search.maven.org/artifact/org.apache.ignite/ignite-core;456.0;https://hub.docker.com/r/apacheignite/ignite;56.0;9445140.0;True;3;;;;;1.0;;;;;;;;;;
29;Atom;atom/atom;;;;;;;;;dev-environments;https://github.com/atom/atom;https://github.com/atom/atom;2012-01-20 18:18:21+00:00;2019-10-29 00:12:38+00:00;13108;563.0;14710.0;50256;37289.0;2019-10-23 15:30:27+00:00;1.41.0;100.0;The hackable text editor.;535;30;;MIT;;;;187028.0;;;;;;;;;True;2;;;;;;;;;4488687.0;;;;;;
30;Cassandra;apache/cassandra;cassandra;cassandra-driver;cassandra-driver;incubator/cassandra;;;;com.datastax.oss:java-driver-core;data-storage;https://github.com/apache/cassandra;https://github.com/apache/cassandra;2009-05-21 02:10:09+00:00;2019-10-29 21:18:04+00:00;2447;149.0;;6556;;2019-10-21 14:05:23.901000+00:00;4.3.0;63.0;Distributed, wide column store, NoSQL database designed to handle..;395;30;https://pypi.org/project/cassandra-driver;Apache-2.0;2386.0;1146.0;244342.0;1042871.0;https://www.npmjs.com/package/cassandra-driver;1240.0;133815.0;;;https://hub.docker.com/r/_/cassandra;1044.0;83089317.0;True;3;cassandra-driver;;github.com/gocql/gocql;;;;;;;;;;;;
31;Eclipse Che;eclipse/che;eclipse/che;;;;;;;org.eclipse.che:bootstrapper;dev-environments;https://github.com/eclipse/che;https://github.com/eclipse/che;2015-03-26 15:31:01+00:00;2019-10-29 21:57:54+00:00;1077;944.0;7786.0;5908;8250.0;2019-09-20 00:00:00+00:00;6.19.6;18.0;Eclipse Che: Next-generation Eclipse IDE. Open source workspace..;164;30;;EPL-2.0;73.0;;;71075.0;;;;https://search.maven.org/artifact/org.eclipse.che/bootstrapper;1.0;https://hub.docker.com/r/eclipse/che;131.0;3909155.0;True;2;;;;;72.0;;;;;;;;;;
32;H2O;h2oai/h2o-3;;h2o;;;;;;;ml-platforms;https://github.com/h2oai/h2o-3;https://github.com/h2oai/h2o-3;2014-03-03 16:08:07+00:00;2019-10-29 23:51:46+00:00;1618;98.0;;4407;25731.0;;;93.0;Open Source Fast Scalable Machine Learning Platform For Smarter..;183;30;https://pypi.org/project/h2o;Apache-2.0;248.0;45.0;70041.0;70041.0;;;;;;;;;True;1;;;;;203.0;;;;;;;;h2o;;
33;TensorFlow Serving;tensorflow/serving;tensorflow/serving;tensorflow-serving-api;;;;tensorflow-model-server;;;model-deployment;https://github.com/tensorflow/serving;https://github.com/tensorflow/serving;2016-01-26 21:48:20+00:00;2019-10-29 19:03:09+00:00;1523;29.0;977.0;3997;4554.0;2019-10-21 21:25:45+00:00;2.0.0;35.0;A flexible, high-performance serving system for machine learning..;140;30;https://pypi.org/project/tensorflow-serving-api;Apache-2.0;58.0;58.0;539903.0;717204.0;;;;;;https://hub.docker.com/r/tensorflow/serving;66.0;7978580.0;True;1;;;;;;;;;;;https://www.tensorflow.org/tfx/guide/serving;;;;
34;Netdata;netdata/netdata;netdata/netdata;;;;;;;;others;https://github.com/netdata/netdata;https://github.com/netdata/netdata;2013-06-17 18:39:10+00:00;2019-10-30 00:04:33+00:00;3802;616.0;3622.0;42177;9136.0;2019-10-18 16:17:10+00:00;1.18.1;26.0;Real-time performance monitoring, done right! https://my-netdata.io/.;340;29;;GPL-3.0;;;;920247.0;;;;;;https://hub.docker.com/r/netdata/netdata;113.0;69420410.0;False;1;;;;;;;;;334261.0;;;;;;
35;Metabase;metabase/metabase;metabase/metabase;;;table/metabase;;;;;business-intelligence;https://github.com/metabase/metabase;https://github.com/metabase/metabase;2015-02-02 19:25:47+00:00;2019-10-30 00:33:17+00:00;2306;2083.0;4333.0;17559;18520.0;2019-10-08 20:06:00+00:00;0.33.4;95.0;The simplest, fastest way to get business intelligence and analytics..;220;29;;AGPL-3.0;1.0;;;475973.0;;;;;;https://hub.docker.com/r/metabase/metabase;150.0;26653449.0;False;1;;;;;1.0;;;;1027.0;;https://www.metabase.com/docs/latest/;;;;
36;Glances;nicolargo/glances;nicolargo/glances;glances;;;glances;;;;others;https://github.com/nicolargo/glances;https://github.com/nicolargo/glances;2011-12-04 08:49:15+00:00;2019-10-27 10:44:25+00:00;954;122.0;996.0;14414;3604.0;2019-07-17 15:55:42+00:00;3.1.2;46.0;Glances an Eye on your system. A top/htop alternative for GNU/Linux,..;110;29;https://pypi.org/project/glances;LGPL-3.0;200.0;44.0;44199.0;326110.0;;;;;;https://hub.docker.com/r/nicolargo/glances;46.0;26499111.0;False;1;;;;;156.0;;;;347.0;;;;;;
37;Kafka;apache/kafka;bitnami/kafka;kafka;;incubator/kafka;;;;org.apache.kafka:kafka;data-processing;https://github.com/apache/kafka;https://github.com/apache/kafka;2011-08-15 18:06:16+00:00;2019-10-30 00:29:17+00:00;7399;699.0;;14053;;2017-10-07 23:53:13+00:00;1.3.5;18.0;Distributed streaming platform that is used to build real time..;751;29;https://pypi.org/project/kafka;Apache-2.0;382.0;330.0;434697.0;609588.0;;;;https://search.maven.org/artifact/org.apache.kafka/kafka;52.0;https://hub.docker.com/r/bitnami/kafka;86.0;17139334.0;True;2;;;;;;;;;;;;;;;
38;Hadoop;apache/hadoop;;;;stable/hadoop;;;;org.apache.hadoop:hadoop-common;data-processing;https://github.com/apache/hadoop;https://github.com/apache/hadoop;2014-08-28 07:00:08+00:00;2019-10-30 00:48:02+00:00;6050;264.0;;9754;9714.0;2018-08-02 16:56:10+00:00;3.1.1;206.0;Framework that allows for the distributed processing of large data..;395;29;;Apache-2.0;11912.0;;;;;;;https://search.maven.org/artifact/org.apache.hadoop/hadoop-common;11854.0;;;;True;2;;;;;58.0;;;;;;;;;;
39;Adminer;vrana/adminer;adminer;;;mogaal/adminer;;;;;db-gui;https://github.com/vrana/adminer;https://github.com/vrana/adminer;2010-04-25 08:30:07+00:00;2019-10-25 09:51:12.882808+00:00;742;10.0;;4059;3550.0;2019-10-22 06:38:12+00:00;4.7.4;14.0;Database management in a single PHP file.;124;29;;Apache-2.0;52.0;;;758625.0;;;;;;https://hub.docker.com/r/_/adminer;299.0;79590607.0;True;1;;;;;52.0;;;;2116203.0;;;;;;
40;mongo-express;mongo-express/mongo-express;mongo-express;;mongo-express;;;;;;db-gui;https://github.com/mongo-express/mongo-express;https://github.com/mongo-express/mongo-express;2012-04-23 20:11:25+00:00;2019-10-29 06:42:02.977012+00:00;638;61.0;238.0;3950;1086.0;2019-07-20 22:07:15.694000+00:00;0.53.0;163.0;Web-based MongoDB admin interface, written with Node.js and express.;109;29;;MIT;940.0;;;376116.0;https://www.npmjs.com/package/mongo-express;374.0;5620.0;;;https://hub.docker.com/r/_/mongo-express;545.0;33344686.0;True;1;;;;;566.0;;;;;;;;;;
41;CuPy;cupy/cupy;cupy/cupy;cupy;;;;;;;accelerators;https://github.com/cupy/cupy;https://github.com/cupy/cupy;2016-11-01 09:54:45+00:00;2019-10-29 16:33:55+00:00;309;279.0;398.0;3635;14983.0;2019-10-25 06:37:32+00:00;6.5.0;58.0;NumPy-like API accelerated with CUDA.;216;29;https://pypi.org/project/cupy;MIT;170.0;170.0;11779.0;12993.0;;;;;;https://hub.docker.com/r/cupy/cupy;4.0;42515.0;True;2;;;;;;;;;;;;;;;
42;Apache NiFi;apache/nifi;apache/nifi;;;;;;;org.apache.nifi:nifi-api;pipelines;https://github.com/apache/nifi;https://github.com/apache/nifi;2014-12-12 08:00:05+00:00;2019-10-29 22:36:17+00:00;1491;211.0;;1887;5426.0;2018-07-12 18:48:44+00:00;1.8.0;34.0;Integrated data logistics platform for automating the movement of..;342;29;;Apache-2.0;214.0;;;17195.0;;;;https://search.maven.org/artifact/org.apache.nifi/nifi-api;214.0;https://hub.docker.com/r/apache/nifi;144.0;997360.0;True;2;;;;;;;;;;;;;;;
43;Redash;getredash/redash;redash/redash;;;;;;;;business-intelligence;https://github.com/getredash/redash;https://github.com/getredash/redash;2013-10-28 13:19:39+00:00;2019-10-30 00:41:28+00:00;2293;438.0;1332.0;14245;6774.0;2019-10-28 11:29:13+00:00;8.0.0;94.0;Make Your Company Data Driven. Connect to any data source, easily..;326;28;;BSD-2-Clause;;;;138911.0;;;;;;https://hub.docker.com/r/redash/redash;130.0;9986907.0;True;2;;;;;;;;;13904.0;;https://redash.io/help/;;;;
44;Theia;eclipse-theia/theia;theiaide/theia;;@theia/application-manager;;;;;;dev-environments;https://github.com/eclipse-theia/theia;https://github.com/eclipse-theia/theia;2017-02-24 14:42:05+00:00;2019-10-29 20:38:46+00:00;761;1180.0;2549.0;6142;3997.0;2019-09-26 17:43:54.388000+00:00;0.11.0;1389.0;Eclipse Theia is a cloud & desktop IDE framework implemented in..;128;28;;EPL-2.0;273.0;;;42104.0;https://www.npmjs.com/package/@theia/application-manager;88.0;14163.0;;;https://hub.docker.com/r/theiaide/theia;31.0;894140.0;True;2;;;;;185.0;;;;;;;;;;
45;CrateDB;crate/crate;crate;crate;;crate/crate;;;;io.crate:crate-jdbc;data-storage;https://github.com/crate/crate;https://github.com/crate/crate;2013-04-10 09:17:16+00:00;2019-10-29 21:40:57+00:00;342;87.0;750.0;2732;10176.0;2019-08-01 08:41:09+00:00;0.23.2;73.0;CrateDB is a distributed SQL database that makes it simple to store..;79;28;https://pypi.org/project/crate;Apache-2.0;42.0;42.0;4093.0;173117.0;;;;;;https://hub.docker.com/r/_/crate;140.0;13183911.0;True;3;;;;;;;;;;;;;;;
46;Superset;apache/incubator-superset;amancevice/superset;apache-superset;;stable/superset;;;;;business-intelligence;https://github.com/apache/incubator-superset;https://github.com/apache/incubator-superset;2015-07-21 18:55:34+00:00;2019-10-30 00:29:40+00:00;5269;243.0;3729.0;26870;4505.0;2019-09-18 06:23:04+00:00;0.34.0;11.0;Apache Superset (incubating) is a modern, enterprise-ready business..;443;27;https://pypi.org/project/apache-superset;Apache-2.0;;;709.0;23774.0;;;;;;https://hub.docker.com/r/amancevice/superset;206.0;1176346.0;True;2;;;;;;;;;;;https://superset.incubator.apache.org/;;;;
47;OpenFaaS;openfaas/faas;openfaas/gateway;;;openfaas/openfaas;;;;;faas;https://github.com/openfaas/faas;https://github.com/openfaas/faas;2016-12-22 12:51:39+00:00;2019-10-29 08:33:39+00:00;1270;59.0;570.0;15953;1744.0;2019-10-15 21:27:01+00:00;0.18.2;100.0;OpenFaaS - Serverless Functions Made Simple.;136;27;;MIT;;;;213925.0;;;;;;https://hub.docker.com/r/openfaas/gateway;3.0;7099086.0;True;1;;;;;;;;;138484.0;;;;;;
48;PredictionIO;apache/predictionio;predictionio/pio;predictionio;;;;;;;ml-platforms;https://github.com/apache/predictionio;https://github.com/apache/predictionio;2013-01-25 19:42:32+00:00;2019-10-24 18:11:40+00:00;1905;76.0;;12145;4476.0;2017-10-24 13:13:23+00:00;0.9.9;15.0;PredictionIO, a machine learning server for developers and ML..;157;27;https://pypi.org/project/predictionio;Apache-2.0;15.0;15.0;1353.0;1460.0;;;;;;https://hub.docker.com/r/predictionio/pio;3.0;1378.0;True;2;;;;;;;;;3790.0;;;;;;
49;LabelImg;tzutalin/labelImg;;labelImg;;;;;;;data-labeling;https://github.com/tzutalin/labelImg;https://github.com/tzutalin/labelImg;2015-09-17 01:33:59+00:00;2019-10-29 01:23:16+00:00;2854;128.0;252.0;8745;344.0;2019-05-26 04:18:13+00:00;1.8.3;25.0;LabelImg is a graphical image annotation tool and label object..;64;27;https://pypi.org/project/labelImg;MIT;43.0;3.0;4038.0;4038.0;;;;;;;;;True;1;;;;;40.0;;;;;;;;;;
50;ungit;FredrikNoren/ungit;;;ungit;;;;;;others;https://github.com/FredrikNoren/ungit;https://github.com/FredrikNoren/ungit;2013-05-19 10:44:44+00:00;2019-10-29 13:34:24+00:00;554;195.0;527.0;8554;3404.0;2019-09-16 08:00:58.422000+00:00;1.4.47;117.0;The easiest way to use git. On any platform. Anywhere.;89;27;;MIT;80.0;;;6132.0;https://www.npmjs.com/package/ungit;32.0;6132.0;;;;;;True;2;;;;;48.0;;;;;;;;;;
51;Kubeflow;kubeflow/kubeflow;;kfp;;;;;;;ml-platforms;https://github.com/kubeflow/kubeflow;https://github.com/kubeflow/kubeflow;2017-11-30 18:44:19+00:00;2019-10-29 23:46:59+00:00;1196;372.0;1886.0;7739;1756.0;2019-10-18 21:45:41+00:00;0.1.32;64.0;Machine Learning Toolkit for Kubernetes.;186;27;https://pypi.org/project/kfp;Apache-2.0;4.0;4.0;11652.0;13647.0;;;;;;;;;True;2;;;;;;;;;37910.0;;;;;;
52;face-api.js;justadudewhohacks/face-api.js;;;face-api.js;;;;;;ml-applications;https://github.com/justadudewhohacks/face-api.js;https://github.com/justadudewhohacks/face-api.js;2018-05-19 06:14:53+00:00;2019-10-28 10:57:59+00:00;1262;112.0;274.0;7706;457.0;2019-09-15 19:06:20+00:00;0.21.0;35.0;JavaScript API for face detection and face recognition in the..;19;27;;MIT;804.0;;;13954.0;https://www.npmjs.com/package/face-api.js;60.0;13954.0;;;;;;True;1;;;;;744.0;;;;;;;;;;
53;MariaDB;MariaDB/server;mariadb;;mariadb;bitnami/mariadb;mariadb;mariadb-server;;;data-storage;https://github.com/MariaDB/server;https://github.com/MariaDB/server;2014-05-15 10:58:50+00:00;2019-10-29 23:52:02+00:00;904;89.0;;6113;;2017-07-19 11:37:42.497000+00:00;2.13.0;14.0;MariaDB server is a community developed fork of MySQL server...;1634;27;;GPL-2.0;164.0;;;13871774.0;https://www.npmjs.com/package/mariadb;164.0;37063.0;;;https://hub.docker.com/r/_/mariadb;3061.0;899256270.0;False;3;;;;;;;;;;;;;;;
54;Orange;biolab/orange3;;orange3;;;;;;;data-viz;https://github.com/biolab/orange3;https://github.com/biolab/orange3;2013-02-22 12:52:56+00:00;2019-10-29 15:01:20+00:00;573;69.0;1165.0;2003;11357.0;2019-10-16 16:42:26+00:00;3.23.1;36.0;Orange: Interactive data analysis https://orange.biolab.si.;95;27;https://pypi.org/project/orange3;GPL-3.0+;328.0;100.0;6401.0;6403.0;;;;;;;;;False;2;;orange3;;https://anaconda.org/anaconda/orange3;228.0;;;;135.0;;;;;;
55;ONNX Runtime;microsoft/onnxruntime;onnx/onnx-ecosystem;onnxruntime;;;;;;;model-deployment;https://github.com/microsoft/onnxruntime;https://github.com/microsoft/onnxruntime;2018-11-10 02:22:53+00:00;2019-10-30 00:37:13+00:00;298;139.0;434.0;1311;1512.0;2019-10-12 23:52:23+00:00;0.5.1;8.0;ONNX Runtime: cross-platform, high performance scoring engine for ML..;113;27;https://pypi.org/project/onnxruntime;MIT;112.0;22.0;46309.0;46729.0;;;;;;https://hub.docker.com/r/onnx/onnx-ecosystem;6.0;684.0;True;2;;;;;90.0;;;;3947.0;;;;;Microsoft.ML.OnnxRuntime;
56;code-server;cdr/code-server;codercom/code-server;;;;;;;;dev-environments;https://github.com/cdr/code-server;https://github.com/cdr/code-server;2019-02-27 16:50:41+00:00;2019-10-29 23:00:53+00:00;1603;209.0;696.0;24445;680.0;2019-10-29 23:00:53+00:00;2.1662-vsc1.39.2;30.0;Run VS Code on a remote server.;67;26;;MIT;;;;824792.0;;;;;;https://hub.docker.com/r/codercom/code-server;110.0;6463315.0;True;2;;;;;;;;;118150.0;;;;;;
57;SQLite Browser;sqlitebrowser/sqlitebrowser;;;;;;sqlitebrowser;;;db-gui;https://github.com/sqlitebrowser/sqlitebrowser;https://github.com/sqlitebrowser/sqlitebrowser;2014-05-04 01:54:44+00:00;2019-10-28 20:37:00+00:00;1386;372.0;1276.0;12062;3072.0;2019-04-03 18:15:28+00:00;3.11.2;30.0;Official home of the DB Browser for SQLite (DB4S) project...;119;26;;Apache-2.0;;;;116837.0;;;;;;;;;True;1;;;;;;;;;7594468.0;;;;;;sqlitebrowser
58;TimescaleDB;timescale/timescaledb;timescale/timescaledb;;;;timescaledb;timescaledb-postgresql-11;;;data-storage;https://github.com/timescale/timescaledb;https://github.com/timescale/timescaledb;2017-03-07 20:03:41+00:00;2019-10-29 23:05:56+00:00;404;127.0;439.0;7773;1571.0;2019-09-11 17:04:06+00:00;1.4.2;39.0;An open-source time-series SQL database optimized for fast ingest..;43;26;;Apache-2.0;;;;456806.0;;;;;;https://hub.docker.com/r/timescale/timescaledb;58.0;14157818.0;True;3;;;;;;;;;3007.0;;;;;;
59;Botpress;botpress/botpress;;;botpress;;;;;;others;https://github.com/botpress/botpress;https://github.com/botpress/botpress;2016-11-16 21:57:59+00:00;2019-10-29 23:15:50+00:00;799;103.0;737.0;7731;9873.0;2019-10-29 01:28:48+00:00;12.2.0;220.0;The open-source Conversational Platform with built-in language..;105;26;;AGPL-3.0;504.0;;;1074.0;https://www.npmjs.com/package/botpress;168.0;1074.0;;;;;;False;2;;;;;336.0;;;;;;;;;;
60;Visdom;facebookresearch/visdom;;visdom;;;;;;;data-viz;https://github.com/facebookresearch/visdom;https://github.com/facebookresearch/visdom;2017-01-25 17:59:45+00:00;2019-09-30 19:25:07+00:00;795;59.0;384.0;6654;288.0;2019-09-13 15:31:57+00:00;0.1.8.9;26.0;A flexible tool for creating, organizing, and sharing visualizations..;94;26;https://pypi.org/project/visdom;CC-BY-NC-4.0;1826.0;408.0;32828.0;32828.0;;;;;;;;;False;2;;;;;1418.0;;;;;;;;;;
61;bert-as-service;hanxiao/bert-as-service;;bert-serving-server;;;;;;;ml-applications;https://github.com/hanxiao/bert-as-service;https://github.com/hanxiao/bert-as-service;2018-11-12 10:48:50+00:00;2019-10-17 10:43:36+00:00;1122;146.0;209.0;5820;1594.0;2019-05-15 09:51:19+00:00;1.9.1;50.0;Mapping a variable-length sentence to a fixed-length vector using..;32;26;https://pypi.org/project/bert-serving-server;MIT;3.0;3.0;11817.0;11817.0;;;;;;;;;True;1;;;;;;;;;;;;;;;
62;nteract;nteract/nteract;;nteract_on_jupyter;;;;;;;dev-environments;https://github.com/nteract/nteract;https://github.com/nteract/nteract;2015-06-15 23:21:49+00:00;2019-10-30 00:02:58+00:00;435;281.0;1111.0;4490;9308.0;2019-09-10 02:58:36+00:00;0.15.0;53.0;The interactive computing suite for you!.;128;26;https://pypi.org/project/nteract_on_jupyter;BSD-3-Clause;5.0;5.0;3271.0;19332.0;;;;;;;;;True;2;;;;;;;;;658507.0;;;;;;
63;Chronograf;influxdata/chronograf;chronograf;;;;;;;;data-viz;https://github.com/influxdata/chronograf;https://github.com/influxdata/chronograf;2016-08-24 23:28:56+00:00;2019-10-21 19:59:31+00:00;195;618.0;2948.0;1169;12333.0;2019-08-20 22:03:48+00:00;1.7.13;77.0;Open source monitoring and visualization UI for the TICK stack.;75;26;;AGPL-3.0;;;;1585362.0;;;;;;https://hub.docker.com/r/_/chronograf;169.0;60243788.0;False;2;;;github.com/influxdata/chronograf;;;;;;;;;;;;
64;DBeaver;dbeaver/dbeaver;;;;;;;;;db-gui;https://github.com/dbeaver/dbeaver;https://github.com/dbeaver/dbeaver;2015-10-21 08:26:28+00:00;2019-10-29 20:00:23+00:00;944;1385.0;5125.0;10886;11037.0;2019-10-20 20:16:51+00:00;6.2.3;90.0;Free universal database tool and SQL client.;137;25;;Apache-2.0;;;;6577.0;;;;;;;;;True;2;;;;;;;;;315735.0;;;;;;
65;File Browser;filebrowser/filebrowser;filebrowser/filebrowser;;;;;;;;others;https://github.com/filebrowser/filebrowser;https://github.com/filebrowser/filebrowser;2015-09-11 21:21:58+00:00;2019-10-28 11:15:22+00:00;725;113.0;526.0;5996;1910.0;2019-10-18 14:58:31+00:00;2.0.15;10.0;Web File Browser which can be used as a middleware or standalone app.;71;25;;Apache-2.0;;;;182034.0;;;;;;https://hub.docker.com/r/filebrowser/filebrowser;57.0;8692771.0;True;2;;;;;;;;;23159.0;;;;;;
66;Fn;fnproject/fn;fnproject/fnserver;;;banzaicloud-stable/fn;fn;;;;faas;https://github.com/fnproject/fn;https://github.com/fnproject/fn;2017-07-18 23:22:46+00:00;2019-10-30 00:03:52+00:00;311;121.0;507.0;4292;3377.0;2017-07-26 23:53:11+00:00;0.3.25;5.0;The container native, cloud agnostic serverless platform.;202;25;;Apache-2.0;;;;96846.0;;;;;;https://hub.docker.com/r/fnproject/fnserver;4.0;2614821.0;True;2;;;;;;;;;53.0;;;;;;
67;Pachyderm;pachyderm/pachyderm;pachyderm/pachd;python-pachyderm;;;;;;;ml-platforms;https://github.com/pachyderm/pachyderm;https://github.com/pachyderm/pachyderm;2014-09-04 07:50:02+00:00;2019-10-29 23:24:32+00:00;386;488.0;1695.0;4013;15371.0;2019-10-29 20:08:59+00:00;1.9.8;100.0;Reproducible Data Science at Scale!.;103;25;https://pypi.org/project/python-pachyderm;Apache-2.0;2.0;2.0;1510.0;22877.0;;;;;;https://hub.docker.com/r/pachyderm/pachd;2.0;1241913.0;True;3;;;;;;;;;31273.0;;;;;;
68;Gephi;gephi/gephi;;;;;;;;org.gephi:project-api;data-viz;https://github.com/gephi/gephi;https://github.com/gephi/gephi;2011-10-22 03:14:46+00:00;2019-08-09 09:10:51+00:00;1317;466.0;1566.0;3525;4618.0;2017-09-24 20:34:33+00:00;0.9.2;12.0;Gephi - The Open Graph Viz Platform.;81;25;;GPL-3.0;29.0;;;36431.0;;;;https://search.maven.org/artifact/org.gephi/project-api;12.0;;;;False;3;;;;;17.0;;;;1675834.0;;;;;;
69;plaidML;plaidml/plaidml;;plaidml-keras;;;;;;;accelerators;https://github.com/plaidml/plaidml;https://github.com/plaidml/plaidml;2017-08-15 01:43:24+00:00;2019-10-30 00:30:47+00:00;230;104.0;220.0;2595;1046.0;2019-08-06 18:35:08+00:00;0.6.4;31.0;PlaidML is a framework for making deep learning work everywhere.;37;25;https://pypi.org/project/plaidml-keras;Apache-2.0;10.0;10.0;37040.0;37048.0;;;;;;;;;True;2;;;;;;;;;198.0;;;;;;
70;Polyaxon;polyaxon/polyaxon;polyaxon/polyaxon-api;polyaxon-cli;;;;;;;ml-platforms;https://github.com/polyaxon/polyaxon;https://github.com/polyaxon/polyaxon;2016-12-26 12:48:47+00:00;2019-10-28 17:21:33+00:00;203;115.0;322.0;2199;7750.0;2019-08-15 20:17:35+00:00;0.5.6;63.0;A platform for reproducible and scalable machine learning and deep..;56;25;https://pypi.org/project/polyaxon-cli;Apache-2.0;;;248415.0;283577.0;;;;;;https://hub.docker.com/r/polyaxon/polyaxon-api;;1195540.0;True;3;;;;;;;;;;;;;;;
71;Seldon;SeldonIO/seldon-core;seldonio/seldon-core-operator;seldon-core;;;;;;;model-deployment;https://github.com/SeldonIO/seldon-core;https://github.com/SeldonIO/seldon-core;2017-12-20 14:51:54+00:00;2019-10-29 23:29:28+00:00;246;102.0;443.0;1211;3094.0;2019-09-19 14:26:06+00:00;0.4.1;21.0;Machine Learning Deployment for Kubernetes.;60;25;https://pypi.org/project/seldon-core;Apache-2.0;7.0;7.0;4129.0;31262.0;;;;;;https://hub.docker.com/r/seldonio/seldon-core-operator;;596945.0;True;2;;;;;;;;;;;;;;;
72;Kubeflow Pipelines;kubeflow/pipelines;;kfp;;;;;;;pipelines;https://github.com/kubeflow/pipelines;https://github.com/kubeflow/pipelines;2018-05-12 00:31:47+00:00;2019-10-29 17:36:51+00:00;344;349.0;597.0;1190;1493.0;2019-10-18 21:45:41+00:00;0.1.32;34.0;Machine Learning Pipelines for Kubeflow.;89;25;https://pypi.org/project/kfp;Apache-2.0;4.0;4.0;11652.0;11652.0;;;;;;;;;True;2;;;;;;;;;;;;;;;
73;Cayley;cayleygraph/cayley;cayleygraph/cayley;pyley;@cayleygraph/cayley;;cayley;timescaledb-postgresql-11;;;data-storage;https://github.com/cayleygraph/cayley;https://github.com/cayleygraph/cayley;2014-06-05 18:49:41+00:00;2019-10-28 17:50:19.953000+00:00;1144;93.0;369.0;12938;1464.0;2019-10-28 17:50:19.953000+00:00;1.1.2;15.0;An open-source graph database.;98;24;https://pypi.org/project/pyley;Apache-2.0;;;193.0;632.0;https://www.npmjs.com/package/@cayleygraph/cayley;;96.0;;;https://hub.docker.com/r/cayleygraph/cayley;4.0;395.0;True;3;;;;;;;;;21581.0;;;;;;cayley
74;Druid;apache/incubator-druid;apache/incubator-druid;;;incubator/druid;;;;;data-storage;https://github.com/apache/incubator-druid;https://github.com/apache/incubator-druid;2012-10-23 19:08:07+00:00;2019-10-30 00:30:05+00:00;2228;870.0;2239.0;8787;9846.0;2019-09-25 00:36:27+00:00;druid-0.16.0-incubating;35.0;Apache Druid (Incubating) - Column oriented distributed data store..;372;24;;Apache-2.0;;;;145.0;;;;;;https://hub.docker.com/r/apache/incubator-druid;5.0;12140.0;True;3;;;;;;;;;120.0;;;;;;
75;Portia;scrapinghub/portia;scrapinghub/portia;slybot;;;;;;;others;https://github.com/scrapinghub/portia;https://github.com/scrapinghub/portia;2014-03-21 14:24:31+00:00;2019-07-10 08:26:00.640998+00:00;1143;96.0;330.0;7363;2690.0;2017-06-28 13:32:43+00:00;0.13.1;24.0;Visual scraping for Scrapy.;50;24;https://pypi.org/project/slybot;BSD-3-Clause;15.0;7.0;243.0;5075.0;;;;;;https://hub.docker.com/r/scrapinghub/portia;23.0;323642.0;True;2;;;;;8.0;;;;109.0;;;;;;
76;pgweb;sosedoff/pgweb;sosedoff/pgweb;;;;pgweb;;;;db-gui;https://github.com/sosedoff/pgweb;https://github.com/sosedoff/pgweb;2014-10-09 01:41:32+00:00;2019-10-05 17:55:43.835186+00:00;414;43.0;219.0;6134;966.0;2019-10-05 17:53:24+00:00;0.11.4;35.0;Cross-platform client for PostgreSQL databases.;43;24;;MIT;;;;64479.0;;;;;;https://hub.docker.com/r/sosedoff/pgweb;21.0;3800423.0;True;2;;;;;;;;;68361.0;;;;;;
77;OpenWhisk;apache/openwhisk;openwhisk/controller;;;;;;;;faas;https://github.com/apache/openwhisk;https://github.com/apache/openwhisk;2016-02-18 21:16:19+00:00;2019-10-30 00:43:35+00:00;832;467.0;1354.0;4319;2640.0;2018-10-31 11:51:11+00:00;0.9.0-incubating;1.0;Apache OpenWhisk is an open source serverless cloud platform.;184;24;;Apache-2.0;;;;104841.0;;;;;;https://hub.docker.com/r/openwhisk/controller;4.0;4612848.0;True;2;;;;;;;;;52.0;;;;;;
78;DIGITS;NVIDIA/DIGITS;nvidia/digits;;;;;;;;dev-environments;https://github.com/NVIDIA/DIGITS;https://github.com/NVIDIA/DIGITS;2015-03-17 16:00:20+00:00;2019-10-04 00:50:28+00:00;1320;569.0;880.0;3885;1611.0;2018-04-10 17:02:37+00:00;6.1.1;21.0;Deep Learning GPU Training System.;48;24;;BSD-3-Clause;;;;13253.0;;;;;;https://hub.docker.com/r/nvidia/digits;65.0;728934.0;True;3;;;;;;;;;;;;;;;
79;Hue;cloudera/hue;gethue/hue;;;hue/hue;;;;;business-intelligence;https://github.com/cloudera/hue;https://github.com/cloudera/hue;2010-06-21 19:46:51+00:00;2019-10-29 22:04:27+00:00;1477;203.0;502.0;3852;16806.0;;;;Open source SQL Query Assistant for Databases/Warehouses.;224;24;;Apache-2.0;3.0;;;4848.0;;;;;;https://hub.docker.com/r/gethue/hue;56.0;543078.0;True;3;;;;;3.0;;;;;;https://docs.gethue.com/;;;;
80;Labelme;wkentaro/labelme;wkentaro/labelme;labelme;;;;labelme;;;data-labeling;https://github.com/wkentaro/labelme;https://github.com/wkentaro/labelme;2016-05-09 12:30:26+00:00;2019-10-28 03:24:09+00:00;1122;38.0;264.0;3469;954.0;2019-08-23 18:42:26+00:00;3.16.4;121.0;Image Polygonal Annotation with Python (polygon, rectangle, circle,..;29;24;https://pypi.org/project/labelme;GPL-3.0;41.0;5.0;6818.0;7134.0;;;;;;https://hub.docker.com/r/wkentaro/labelme;2.0;872.0;False;1;;;;;36.0;;;;5324.0;;;;;;
81;mkl-dnn;intel/mkl-dnn;;;;;;;;;accelerators;https://github.com/intel/mkl-dnn;https://github.com/intel/mkl-dnn;2016-05-09 23:26:42+00:00;2019-10-29 17:55:11+00:00;405;18.0;480.0;1670;3887.0;2019-10-24 22:42:58+00:00;1.0.4;47.0;Deep Neural Network Library (DNNL).;104;24;;Apache-2.0;0.0;;;46656.0;;;;;;;;;True;2;;mkl;;https://anaconda.org/anaconda/mkl;;;;0.0;1772936.0;;;;;;
82;OpenPAI;Microsoft/pai;;paicli;;;;;;;model-deployment;https://github.com/microsoft/pai;https://github.com/microsoft/pai;2017-09-25 11:24:51+00:00;2019-10-29 08:32:18+00:00;328;203.0;1113.0;1377;3629.0;2019-07-23 11:13:52+00:00;0.14.0;15.0;Resource scheduling and cluster management for AI.;80;24;https://pypi.org/project/paicli;MIT;;;15629.0;15629.0;;;;;;;;;True;2;;;;;;;;;;;;;;;
83;Genie;Netflix/genie;netflixoss/genie-app;nflx-genie-client;;;;;;com.netflix.genie:genie-common;pipelines;https://github.com/Netflix/genie;https://github.com/Netflix/genie;2013-06-20 20:35:56+00:00;2019-10-29 17:13:00+00:00;283;2.0;157.0;1226;2651.0;2019-04-24 18:55:45+00:00;3.3.21;96.0;Distributed Big Data Orchestration Service.;29;24;https://pypi.org/project/nflx-genie-client;Apache-2.0;5.0;5.0;49579.0;49670.0;;;;https://search.maven.org/artifact/com.netflix.genie/genie-common;0.0;https://hub.docker.com/r/netflixoss/genie-app;3.0;6950.0;True;2;;;;;;;;;;;;;;;
84;MLeap;combust/mleap;combustml/mleap-serving;mleap;;;;;;ml.combust.mleap:mleap-base_2.11;model-deployment;https://github.com/combust/mleap;https://github.com/combust/mleap;2016-08-23 03:51:03+00:00;2019-10-28 10:45:25.731230+00:00;228;82.0;236.0;939;532.0;;;18.0;MLeap: Deploy Spark Pipelines to Production.;50;24;https://pypi.org/project/mleap;Apache-2.0;63.0;2.0;247889.0;248235.0;;;;https://search.maven.org/artifact/ml.combust.mleap/mleap-base_2.11;0.0;https://hub.docker.com/r/combustml/mleap-serving;5.0;13162.0;True;2;;;;;61.0;;;;;;;;;;
85;StreamSets Data Collector;streamsets/datacollector;streamsets/datacollector;streamsets;;;;;;com.streamsets:streamsets-datacollector;pipelines;https://github.com/streamsets/datacollector;https://github.com/streamsets/datacollector;2015-09-09 22:43:02+00:00;2019-10-30 00:22:01.784141+00:00;435;17.0;;893;9339.0;2019-06-27 21:24:41+00:00;3.6.0;47.0;StreamSets Data Collector - Continuous big data and cloud platform..;92;24;https://pypi.org/project/streamsets;Apache-2.0;2.0;;432.0;30771.0;;;;https://search.maven.org/artifact/com.streamsets/streamsets-datacollector;2.0;https://hub.docker.com/r/streamsets/datacollector;52.0;1486619.0;True;2;;;;;;;;;;;;;;;
86;Sequel Pro;sequelpro/sequelpro;;;;;;;;;db-gui;https://github.com/sequelpro/sequelpro;https://github.com/sequelpro/sequelpro;2013-11-08 05:27:37+00:00;2019-10-13 11:56:28+00:00;618;998.0;2457.0;7108;4671.0;2016-04-03 01:17:37+00:00;release-1.1.2;11.0;MySQL/MariaDB database management for macOS.;41;23;;MIT;;;;73442.0;;;;;;;;;True;2;;;;;;;;;3819019.0;;;;;;
87;Kubeless;kubeless/kubeless;kubeless/function-controller;;;incubator/kubeless;;;;;faas;https://github.com/kubeless/kubeless;https://github.com/kubeless/kubeless;2016-11-16 09:03:03+00:00;2019-10-17 11:11:59.226295+00:00;521;146.0;408.0;5168;998.0;2019-10-16 13:15:38+00:00;1.0.5;42.0;Kubernetes Native Serverless Framework.;88;23;;Apache-2.0;;;;45235.0;;;;;;https://hub.docker.com/r/kubeless/function-controller;1.0;1469063.0;True;3;;;;;;;;;101132.0;;;;;;
88;Jupyter Docker Stacks;jupyter/docker-stacks;jupyter/scipy-notebook;;;;;;;;dev-environments;https://github.com/jupyter/docker-stacks;https://github.com/jupyter/docker-stacks;2015-07-15 15:30:00+00:00;2019-10-21 10:46:44+00:00;1719;61.0;432.0;4610;1172.0;;;;Ready-to-run Docker images containing Jupyter applications.;145;23;;BSD-3-Clause;;;;65440.0;;;;;;https://hub.docker.com/r/jupyter/scipy-notebook;191.0;3337465.0;True;3;;;;;;;;;;;;;;;
89;phpMyAdmin;phpmyadmin/phpmyadmin;;;;stable/phpmyadmin;;;;;db-gui;https://github.com/phpmyadmin/phpmyadmin;https://github.com/phpmyadmin/phpmyadmin;2012-01-19 13:21:52+00:00;2019-10-29 23:07:13+00:00;2473;501.0;11734.0;4529;116611.0;2019-09-21 04:00:07+00:00;RELEASE_4_9_1;100.0;A web interface for MySQL and MariaDB.;1643;23;;GPL-2.0;;;;;;;;;;;;;False;2;;;;;;;;;;;;;;;
90;Zeppelin;apache/zeppelin;apache/zeppelin;;;stable/zeppelin;;;;org.apache.zeppelin:zeppelin-server;dev-environments;https://github.com/apache/zeppelin;https://github.com/apache/zeppelin;2015-03-25 07:00:06+00:00;2019-10-29 14:34:56+00:00;2048;62.0;;4502;4208.0;;;;Web-based notebook that enables interactive data analytics.;378;23;;Apache-2.0;;;;14163.0;;;;;;https://hub.docker.com/r/apache/zeppelin;100.0;779003.0;True;3;;;;;;;;;;;;;;;
91;argo;argoproj/argo;argoproj/argoui;;;argo/argo;;;;;pipelines;https://github.com/argoproj/argo;https://github.com/argoproj/argo;2017-08-21 18:50:44+00:00;2019-10-29 16:35:27+00:00;561;234.0;793.0;3942;801.0;2019-10-21 19:06:52+00:00;2.4.2;20.0;Argo Workflows: Get stuff done with Kubernetes.;131;23;;Apache-2.0;;;;48254.0;;;;;;https://hub.docker.com/r/argoproj/argoui;1.0;1042529.0;True;3;;;;;;;;;187621.0;;;;;;
92;Heron;apache/incubator-heron;heron/heron;;;;heron;;;;data-processing;https://github.com/apache/incubator-heron;https://github.com/apache/incubator-heron;2015-09-25 16:09:24+00:00;2019-10-29 21:45:22+00:00;601;386.0;549.0;3412;3002.0;2019-06-27 00:41:22+00:00;0.20.1-incubating;44.0;Apache Heron (Incubating) is a realtime, distributed, fault-tolerant..;129;23;;Apache-2.0;;;;4156.0;;;;;;https://hub.docker.com/r/heron/heron;2.0;137467.0;True;3;;;;;;;;;58133.0;;;;;;
93;s3cmd;s3tools/s3cmd;;;;;;;;;others;https://github.com/s3tools/s3cmd;https://github.com/s3tools/s3cmd;2011-06-07 02:08:24+00:00;2019-08-04 08:07:27+00:00;737;286.0;407.0;3121;1654.0;2018-07-15 13:08:32+00:00;2.0.2;6.0;Official s3cmd repo -- Command line tool for managing Amazon S3 and..;175;23;;GPL-2.0;;;;47630.0;;;;;;;;;False;3;;;;;;;;;2619684.0;;;;;;
94;Cadence;uber/cadence;ubercadence/server;;;;;;;com.uber.cadence:cadence-client;pipelines;https://github.com/uber/cadence;https://github.com/uber/cadence;2017-02-21 16:10:18+00:00;2019-10-30 00:47:56+00:00;236;313.0;678.0;2956;1652.0;2019-10-18 22:13:10+00:00;0.9.5;40.0;Cadence is a distributed, scalable, durable, and highly available..;46;23;;MIT;1.0;;;6572.0;;;;https://search.maven.org/artifact/com.uber.cadence/cadence-client;1.0;https://hub.docker.com/r/ubercadence/server;2.0;202514.0;True;3;;;go.uber.org/cadence;;;;;;6842.0;;;;;;
95;CARTO;CartoDB/cartodb;sverhoeven/cartodb;;;;;;;;data-viz;https://github.com/CartoDB/cartodb;https://github.com/CartoDB/cartodb;2012-07-05 15:23:45+00:00;2019-10-29 18:05:50+00:00;563;359.0;8251.0;2294;72568.0;2018-03-01 10:07:06+00:00;4.11.59;47.0;Location Intelligence & Data Visualization tool.;172;23;;BSD-3-Clause;;;;123.0;;;;;;https://hub.docker.com/r/sverhoeven/cartodb;37.0;10754.0;True;3;;;;;;;;;;;https://cartodb.readthedocs.io/en/latest/;;;;
96;Dagster;dagster-io/dagster;;dagster;;;;;;;pipelines;https://github.com/dagster-io/dagster;https://github.com/dagster-io/dagster;2018-04-30 16:30:04+00:00;2019-10-30 00:47:57+00:00;71;238.0;724.0;949;2477.0;2019-05-08 20:04:54+00:00;0.4.3;59.0;A Python library for building data applications: ETL, ML, Data..;37;23;https://pypi.org/project/dagster;Apache-2.0;36.0;2.0;4871.0;4871.0;;;;;;;;;True;3;;;;;34.0;;;;;;;;;;
97;MXNet Model Server;awslabs/mxnet-model-server;awsdeeplearningteam/mxnet-model-server;mxnet-model-server;;;;;;;model-deployment;https://github.com/awslabs/mxnet-model-server;https://github.com/awslabs/mxnet-model-server;2017-10-04 23:41:07+00:00;2019-10-29 23:51:05+00:00;142;24.0;297.0;521;1135.0;2019-09-10 14:57:04+00:00;1.0.7;407.0;Model Server for Apache MXNet is a tool for serving neural net..;52;23;https://pypi.org/project/mxnet-model-server;Apache-2.0;11.0;1.0;3730.0;4968.0;;;;;;https://hub.docker.com/r/awsdeeplearningteam/mxnet-model-server;4.0;29733.0;True;2;;;;;10.0;;;;;;;;;;
98;Netron;lutzroeder/netron;;netron;;;netron;;;;model-viz;https://github.com/lutzroeder/netron;https://github.com/lutzroeder/netron;2010-12-26 12:53:43+00:00;2019-10-29 05:29:53+00:00;818;18.0;318.0;6727;2232.0;2019-10-27 02:07:30+00:00;3.4.8;241.0;Visualizer for neural network, deep learning and machine learning..;2;22;https://pypi.org/project/netron;MIT;2.0;2.0;1294.0;33653.0;;;;;;;;;True;1;;;;;;;;;32359.0;;;;;;
99;elasticsearch-head;mobz/elasticsearch-head;mobz/elasticsearch-head;;;;;;;;db-gui;https://github.com/mobz/elasticsearch-head;https://github.com/mobz/elasticsearch-head;2011-06-16 00:49:07+00:00;2019-09-24 03:32:06+00:00;1385;156.0;158.0;6535;597.0;2018-04-10 12:30:16+00:00;5.0.0;1.0;A web front end for an elastic search cluster.;68;22;;Apache-2.0;;;;13792.0;;;;;;https://hub.docker.com/r/mobz/elasticsearch-head;50.0;1379250.0;True;2;;;;;;;;;;;;;;;
100;Dejavu;appbaseio/dejavu;appbaseio/dejavu;;;;;;;;db-gui;https://github.com/appbaseio/dejavu;https://github.com/appbaseio/dejavu;2016-02-03 17:48:09+00:00;2019-10-28 13:11:48.981707+00:00;369;31.0;252.0;6303;642.0;2019-07-17 04:11:02+00:00;3.4.0;51.0;The Missing Web UI for Elasticsearch: Import, browse and edit data..;18;22;;MIT;;;;21649.0;;;;;;https://hub.docker.com/r/appbaseio/dejavu;23.0;952568.0;True;2;;;;;;;;;;;;;;;
101;Azure Data Studio;microsoft/azuredatastudio;;;;;;;;;business-intelligence;https://github.com/microsoft/azuredatastudio;https://github.com/microsoft/azuredatastudio;2017-11-02 01:00:13+00:00;2019-10-30 00:41:13+00:00;429;1776.0;3179.0;5369;2800.0;2019-10-11 05:58:57+00:00;1.12.2;73.0;Azure Data Studio is a data management tool that enables working..;92;22;;Custom EULA;;;;7373.0;;;;;;;;;False;3;;;;;;;;;162214.0;;;;;;
102;Fission;fission/fission;;;;;;;;;faas;https://github.com/fission/fission;https://github.com/fission/fission;2016-08-19 03:43:56+00:00;2019-10-29 23:34:13+00:00;420;250.0;428.0;4717;995.0;2019-10-10 18:45:30+00:00;1.6.0;34.0;Fast and Simple Serverless Functions for Kubernetes.;95;22;;Apache-2.0;;;;1550.0;;;;;;;;;True;3;;;;;;;;;43405.0;;;;;;
103;Vespa;vespa-engine/vespa;vespaengine/vespa;;;;;;;;data-processing;https://github.com/vespa-engine/vespa;https://github.com/vespa-engine/vespa;2016-06-03 20:54:20+00:00;2019-10-29 21:48:35+00:00;355;90.0;202.0;2984;32001.0;;;;Vespa is an engine for low-latency computation over large data sets.;86;22;;Apache-2.0;1.0;;;11971.0;;;;;;https://hub.docker.com/r/vespaengine/vespa;5.0;478853.0;True;3;;;;;1.0;;;;;;;;;;
104;Flume;apache/flume;;;;;;;;org.apache.flume:flume-ng-sdk;data-processing;https://github.com/apache/flume;https://github.com/apache/flume;2011-08-12 18:20:14+00:00;2019-10-24 12:37:35+00:00;1245;77.0;;1822;;2017-09-15 12:57:25+00:00;1.8.0;85.0;Service for efficiently collecting, aggregating, and moving large..;67;22;;Apache-2.0;1530.0;;;;;;;https://search.maven.org/artifact/org.apache.flume/flume-ng-sdk;1418.0;;;;True;3;;;;;112.0;;;;;;;;;;
105;Mahout;apache/mahout;;;;;;;;org.apache.mahout:mahout-math-scala_2.10;others;https://github.com/apache/mahout;https://github.com/apache/mahout;2014-05-23 07:00:07+00:00;2019-10-28 22:58:32+00:00;913;25.0;;1727;4115.0;2017-04-15 05:14:47+00:00;0.13.0;13.0;Powerful, scalable machine-learning library that runs on top of..;57;22;;Apache-2.0;62.0;;;;;;;https://search.maven.org/artifact/org.apache.mahout/mahout-math-scala_2.10;7.0;;;;True;3;;;;;55.0;;;;;;;;;;
106;nGraph;NervanaSystems/ngraph;;ngraph-core;;;;;;;accelerators;https://github.com/NervanaSystems/ngraph;https://github.com/NervanaSystems/ngraph;2017-07-25 02:02:38+00:00;2019-10-29 23:41:37+00:00;156;94.0;150.0;1104;4738.0;2019-10-12 14:39:41+00:00;0.26.0;100.0;nGraph - open source C++ library, compiler and runtime for Deep..;84;22;https://pypi.org/project/ngraph-core;Apache-2.0;1.0;;336.0;336.0;;;;;;;;;True;3;;;;;1.0;;;;;;;;;;
107;Oozie;apache/oozie;;;;;;;;org.apache.oozie:oozie-client;pipelines;https://github.com/apache/oozie;https://github.com/apache/oozie;2011-09-14 07:00:10+00:00;2019-10-29 09:31:11+00:00;375;29.0;;524;2331.0;2016-12-02 09:41:44+00:00;4.3.0;78.0;Server-based workflow scheduling system to manage Hadoop jobs.;36;22;;Apache-2.0;416.0;;;;;;;https://search.maven.org/artifact/org.apache.oozie/oozie-client;174.0;;;;True;3;;;;;242.0;;;;;;;;;;
108;Redis Desktop Manager;uglide/RedisDesktopManager;;;;;;;;;db-gui;https://github.com/uglide/RedisDesktopManager;https://github.com/uglide/RedisDesktopManager;2013-08-05 07:51:08+00:00;2019-10-25 11:07:19+00:00;2374;37.0;4204.0;14179;;2019-10-17 07:29:26+00:00;2019.4;58.0;Cross-platform GUI management tool for Redis.;69;21;;GPL-3.0;;;;20119.0;;;;;;;;;False;3;;;;;;;;;1468701.0;;;;;;
109;n8n.io;n8n-io/n8n;n8nio/n8n;;n8n;;;;;;pipelines;https://github.com/n8n-io/n8n;https://github.com/n8n-io/n8n;2019-06-22 09:24:21+00:00;2019-10-29 22:46:29+00:00;223;27.0;41.0;4653;621.0;2019-10-25 19:53:41.663000+00:00;0.30.0;46.0;Free node based Workflow Automation Tool. Easily automate tasks..;14;21;;Apache-2.0;;;;17682.0;https://www.npmjs.com/package/n8n;;2776.0;;;https://hub.docker.com/r/n8nio/n8n;7.0;59625.0;True;3;;;;;;;;;;;;;;;
110;TVM;dmlc/tvm;tvmai/demo-cpu;;;;;;;;accelerators;https://github.com/dmlc/tvm;https://github.com/dmlc/tvm;2016-10-12 22:20:28+00:00;2019-10-29 23:20:01+00:00;1172;128.0;1054.0;4519;3229.0;2019-02-18 22:49:08+00:00;0.5;5.0;Open deep learning compiler stack for cpu, gpu and specialized..;285;21;;Apache-2.0;;;;35.0;;;;;;https://hub.docker.com/r/tvmai/demo-cpu;2.0;1266.0;True;3;;;;;;;;;;;;;;;
111;OpenBLAS;xianyi/OpenBLAS;;;;;openblas;libopenblas-dev;;;accelerators;https://github.com/xianyi/OpenBLAS;https://github.com/xianyi/OpenBLAS;2011-01-24 06:34:44+00:00;2019-10-28 12:24:19+00:00;804;147.0;1234.0;2973;2459.0;2019-08-11 21:26:51+00:00;0.3.7;22.0;OpenBLAS is an optimized BLAS library based on GotoBLAS2 1.13 BSD..;152;21;;BSD-3-Clause;;;;11.0;;;;;;;;;True;3;;openblas;;https://anaconda.org/anaconda/openblas;;;;;877.0;;;;;;
112;IronFunctions;iron-io/functions;iron/functions;;;;iron-functions;;;;faas;https://github.com/iron-io/functions;https://github.com/iron-io/functions;2016-06-22 22:19:22+00:00;2018-12-04 00:09:45+00:00;205;93.0;218.0;2670;904.0;2018-01-26 04:52:36+00:00;0.2.72;100.0;IronFunctions - the serverless microservices platform by.;136;21;;Apache-2.0;;;;8504.0;;;;;;https://hub.docker.com/r/iron/functions;12.0;335762.0;True;3;;;;;;;;;3768.0;;;;;;
113;DeepDetect;jolibrain/deepdetect;jolibrain/deepdetect_cpu;;;;;;;;model-deployment;https://github.com/jolibrain/deepdetect;https://github.com/jolibrain/deepdetect;2015-05-22 14:45:28+00:00;2019-10-29 21:10:07+00:00;470;56.0;290.0;1985;2220.0;2019-10-22 09:26:25+00:00;0.9.4;6.0;Deep Learning API and Server in C++11 support for Caffe, Caffe2,..;22;21;;GPL-3.0;;;;319.0;;;;;;https://hub.docker.com/r/jolibrain/deepdetect_cpu;;16925.0;False;2;;;;;;;;;;;;;;;
114;Oryx 2;OryxProject/oryx;;;;;;;;com.cloudera.oryx:oryx-api;ml-platforms;https://github.com/OryxProject/oryx;https://github.com/OryxProject/oryx;2014-07-25 20:08:44+00:00;2019-10-29 02:22:08+00:00;383;4.0;201.0;1656;1104.0;2018-11-25 01:45:14+00:00;oryx-2.8.0;24.0;Oryx 2: Lambda architecture on Apache Spark, Apache Kafka for real-..;16;21;;Apache-2.0;32.0;;;244.0;;;;https://search.maven.org/artifact/com.cloudera.oryx/oryx-api;32.0;;;;True;3;;;;;;;;;13715.0;;;;;;
115;s4cmd;bloomreach/s4cmd;;s4cmd;;;;;;;others;https://github.com/bloomreach/s4cmd;https://github.com/bloomreach/s4cmd;2012-11-10 04:09:23+00:00;2019-10-18 15:54:01+00:00;154;62.0;47.0;928;135.0;2018-08-13 22:59:41+00:00;2.1.0;4.0;Super S3 command line tool.;30;21;https://pypi.org/project/s4cmd;Apache-2.0;8.0;7.0;19168.0;19168.0;;;;;;;;;True;3;;;;;1.0;;;;;;;;;;
116;Robo 3T;Studio3T/robomongo;;;;;;;;;db-gui;https://github.com/Studio3T/robomongo;https://github.com/Studio3T/robomongo;2012-11-07 13:53:49+00:00;2019-09-09 15:41:28+00:00;648;642.0;881.0;7677;2298.0;2019-04-04 06:30:19+00:00;1.3.1;16.0;Native cross-platform MongoDB management tool.;39;20;;GPL-3.0;;;;551.0;;;;;;;;;False;3;;;;;;;;;30359.0;;;;;;
117;PipelineAI;PipelineAI/pipeline;;cli-pipeline;;;;;;;model-deployment;https://github.com/PipelineAI/pipeline;https://github.com/PipelineAI/pipeline;2015-07-08 03:49:23+00:00;2019-10-21 16:39:24+00:00;907;6.0;248.0;3803;584.0;2019-04-16 19:58:33+00:00;1.5.315;371.0;PipelineAI: Real-Time Enterprise AI Platform.;13;20;https://pypi.org/project/cli-pipeline;Apache-2.0;;;1456.0;1456.0;;;;;;;;;True;3;;;;;;;;;;;;;;;
118;Hydrogen;nteract/hydrogen;;;;;;;;;dev-environments;https://github.com/nteract/hydrogen;https://github.com/nteract/hydrogen;2015-05-11 01:16:55+00:00;2019-10-29 03:15:13+00:00;259;85.0;937.0;3393;2039.0;2019-10-29 03:16:48+00:00;2.13.1;77.0;Run code interactively, inspect data, and plot. All the power of..;74;20;;MIT;;;;;;;;;;;;;True;3;;;;;;;;;;;;;;;
119;SandDance;microsoft/SandDance;;;@msrvida/sanddance;;;;;;data-viz;https://github.com/microsoft/SandDance;https://github.com/microsoft/SandDance;2018-11-05 22:45:31+00:00;2019-10-30 00:23:18+00:00;191;34.0;29.0;3113;216.0;2019-09-27 18:40:25.748000+00:00;1.6.4;12.0;Visually explore, understand, and present your data.;7;20;;MIT;0.0;;;481.0;https://www.npmjs.com/package/@msrvida/sanddance;0.0;481.0;;;;;;True;3;;;;;;;;;;;;;;;
120;Azkaban;azkaban/azkaban;;;;;;;;;pipelines;https://github.com/azkaban/azkaban;https://github.com/azkaban/azkaban;2012-10-18 01:34:53+00:00;2019-10-28 20:27:32+00:00;1150;555.0;357.0;2877;2392.0;2018-09-25 22:31:47+00:00;3.57.0;46.0;Azkaban workflow manager.;114;20;;Apache-2.0;;;;14.0;;;;;;;;;True;3;;;;;;;;;917.0;;;;;;
121;Sqlectron;sqlectron/sqlectron-gui;;;;;;;;;db-gui;https://github.com/sqlectron/sqlectron-gui;https://github.com/sqlectron/sqlectron-gui;2015-09-05 12:22:51+00:00;2019-05-07 14:44:44+00:00;315;100.0;231.0;2823;815.0;2018-09-05 21:11:08+00:00;1.30.0;42.0;UNMAINTAINED - SEE BELOW. A simple and lightweight SQL client..;29;20;;MIT;;;;3831.0;;;;;;;;;True;3;;;;;;;;;180064.0;;;;;;
122;Blazer;ankane/blazer;;;;;;;;;business-intelligence;https://github.com/ankane/blazer;https://github.com/ankane/blazer;2014-10-01 04:54:55+00:00;2019-10-09 00:22:20+00:00;288;11.0;146.0;2288;916.0;;;;Business intelligence made simple.;42;20;;MIT;226.0;;;;;;;;;;;;True;3;blazer;;;;226.0;;;;;;;;;;
123;doccano;chakki-works/doccano;chakkiworks/doccano;;;;;;;;data-labeling;https://github.com/chakki-works/doccano;https://github.com/chakki-works/doccano;2018-05-09 06:10:05+00:00;2019-10-29 13:19:24+00:00;403;34.0;212.0;1927;852.0;;;;Open source text annotation tool for machine learning practitioner.;30;20;;MIT;;;;16631.0;;;;;;https://hub.docker.com/r/chakkiworks/doccano;7.0;282728.0;True;2;;;;;;;;;;;;;;;
124;Mirage;appbaseio/mirage;appbaseio/mirage;;;;;;;;db-gui;https://github.com/appbaseio/mirage;https://github.com/appbaseio/mirage;2016-02-25 06:15:36+00:00;2019-10-11 10:02:17.849518+00:00;100;12.0;51.0;1923;571.0;2019-07-17 05:06:54+00:00;0.11.0;24.0;GUI for simplifying Elasticsearch Query DSL.;9;20;;Apache-2.0;;;;7159.0;;;;;;https://hub.docker.com/r/appbaseio/mirage;6.0;315003.0;True;3;;;;;;;;;;;;;;;
125;VoTT;Microsoft/VoTT;;;;;;;;;data-labeling;https://github.com/microsoft/VoTT;https://github.com/microsoft/VoTT;2016-12-29 13:32:23+00:00;2019-10-25 14:54:37+00:00;376;142.0;220.0;1830;488.0;2019-04-29 22:04:32+00:00;2.1.0;20.0;Visual Object Tagging Tool: An electron app for building end to end..;13;20;;MIT;;;;1142.0;;;;;;;;;True;2;;;;;;;;;35413.0;;;;;;
126;OmniDB;OmniDB/OmniDB;;;;;;;;;db-gui;https://github.com/OmniDB/OmniDB;https://github.com/OmniDB/OmniDB;2016-04-12 13:12:03+00:00;2019-09-25 14:03:36+00:00;215;164.0;301.0;1757;1680.0;2019-06-13 13:51:53+00:00;2.16.0;29.0;Web tool for database management.;19;20;;MIT;;;;138.0;;;;;;;;;True;3;;;;;;;;;5831.0;;;;;;
127;ElectroCRUD;garrylachman/ElectroCRUD;;;;;;;;;db-gui;https://github.com/garrylachman/ElectroCRUD;https://github.com/garrylachman/ElectroCRUD;2016-05-14 02:18:49+00:00;2019-08-13 13:26:36+00:00;200;15.0;37.0;956;532.0;2019-08-13 13:25:07+00:00;2.5.1;28.0;Database CRUD Application Built on Electron | MySQL, Postgres.;42;20;;MIT;;;;633.0;;;;;;;;;True;3;;;;;;;;;25954.0;;;;;;
128;ONNX.js;microsoft/onnxjs;;;onnxjs;;;;;;model-deployment;https://github.com/microsoft/onnxjs;https://github.com/microsoft/onnxjs;2018-09-13 23:11:53+00:00;2019-09-01 00:48:19+00:00;61;20.0;34.0;921;93.0;2019-06-01 01:24:18.776000+00:00;0.1.7;8.0;ONNX.js: run ONNX models using JavaScript.;10;20;;MIT;51.0;;;322.0;https://www.npmjs.com/package/onnxjs;10.0;322.0;;;;;;True;3;;;;;41.0;;;;;;;;;;
129;GNES;gnes-ai/gnes;gnes/gnes;gnes;;;;;;;ml-applications;https://github.com/gnes-ai/gnes;https://github.com/gnes-ai/gnes;2019-07-08 08:31:09+00:00;2019-10-25 09:35:19+00:00;147;10.0;7.0;783;3190.0;2019-07-09 11:41:28+00:00;0.0.16;13.0;GNES is Generic Neural Elastic Search, a cloud-native semantic..;11;20;https://pypi.org/project/gnes;Apache-2.0;2.0;;451.0;28964.0;;;;;;https://hub.docker.com/r/gnes/gnes;;85539.0;True;2;;;;;2.0;;;;;;;;;;
130;Brooklin;linkedin/brooklin;;;;;;;;com.github.datastream:datastream-client;data-processing;https://github.com/linkedin/brooklin;https://github.com/linkedin/brooklin;2015-08-10 22:58:33+00:00;2019-10-16 13:04:34+00:00;54;6.0;10.0;484;1194.0;2019-10-01 21:16:56+00:00;1.0.2;3.0;An extensible distributed system for reliable nearline data..;35;20;;BSD-2-Clause;;;;179.0;;;;;;;;;True;3;;;;;;;;;538.0;;;;;;
131;Hydrosphere Mist;Hydrospheredata/mist;hydrosphere/mist;;;;;;;;faas;https://github.com/Hydrospheredata/mist;https://github.com/Hydrospheredata/mist;2016-01-15 07:22:05+00:00;2019-10-07 09:48:27+00:00;59;22.0;148.0;275;2020.0;2019-07-24 16:36:53+00:00;1.1.3;47.0;Serverless proxy for Spark cluster.;31;20;;Apache-2.0;;;;255.0;;;;;;https://hub.docker.com/r/hydrosphere/mist;7.0;11496.0;True;3;;;;;;;;;8.0;;;;;;
132;Deepo;ufoym/deepo;ufoym/deepo;;;;;;;;dev-environments;https://github.com/ufoym/deepo;https://github.com/ufoym/deepo;2017-10-27 11:41:49+00:00;2019-10-18 17:05:29.211041+00:00;613;16.0;83.0;5295;87.0;2017-11-27 15:04:59+00:00;2.0.0;2.0;Set up deep learning environment in a single command line.;10;19;;MIT;;;;5134.0;;;;;;https://hub.docker.com/r/ufoym/deepo;136.0;123217.0;True;3;;;;;;;;;;;;;;;
133;CVAT;opencv/cvat;;;;;;;;;data-labeling;https://github.com/opencv/cvat;https://github.com/opencv/cvat;2018-06-29 14:02:45+00:00;2019-10-29 19:39:47+00:00;598;109.0;296.0;2627;322.0;2019-10-17 10:07:40+00:00;0.5.1;5.0;Powerful and efficient Computer Vision Annotation Tool (CVAT).;37;19;;MIT;;;;;;;;;;;;;True;2;;;;;;;;;;;;;;;
134;Poli;shzlw/poli;zhonglu/poli;;;;;;;;business-intelligence;https://github.com/shzlw/poli;https://github.com/shzlw/poli;2018-11-27 03:56:44+00:00;2019-10-05 14:29:23+00:00;197;6.0;27.0;1469;196.0;2019-08-15 22:17:09+00:00;0.10.1;10.0;An easy-to-use BI server built for SQL lovers. Power data analysis..;2;19;;MIT;;;;586.0;;;;;;https://hub.docker.com/r/zhonglu/poli;;428.0;True;3;;;;;;;;;2740.0;;https://shzlw.github.io/poli/;;;;
135;TensorFlow for R;rstudio/tensorflow;;;;;;;;;others;https://github.com/rstudio/tensorflow;https://github.com/rstudio/tensorflow;2016-08-22 15:46:39+00:00;2019-10-22 15:07:19+00:00;315;5.0;242.0;1157;1276.0;2019-10-02 21:29:49+00:00;2.0.0;3.0;TensorFlow for R.;21;19;;Apache-2.0;;;;1.0;;;;;;;;;True;3;;;;;;;;;8.0;;;;tensorflow;;
136;Clipper;ucbrise/clipper;clipper/management_frontend;clipper-admin;;;;;;;model-deployment;https://github.com/ucbrise/clipper;https://github.com/ucbrise/clipper;2016-10-27 17:30:27+00:00;2019-10-29 18:19:33.968742+00:00;228;144.0;264.0;1051;1.0;2019-06-07 03:01:20+00:00;0.4.1;12.0;A low-latency prediction-serving system.;36;19;https://pypi.org/project/clipper-admin;Apache-2.0;;;327.0;27480.0;;;;;;https://hub.docker.com/r/clipper/management_frontend;;977536.0;True;3;;;;;;;;;;;;;;;
137;Voyager 2;vega/voyager;;;datavoyager;;;;;;data-viz;https://github.com/vega/voyager;https://github.com/vega/voyager;2015-01-18 17:28:01+00:00;2019-06-19 22:27:19+00:00;102;82.0;369.0;870;1383.0;2018-07-12 17:11:52+00:00;2.0.0-alpha.24;24.0;Visualization Tool for Data Exploration.;16;19;;BSD-3-Clause;36.0;;;271.0;https://www.npmjs.com/package/datavoyager;12.0;271.0;;;;;;True;3;;;;;24.0;;;;;;;datavoyager;;;
138;TensorRT Inference Server;NVIDIA/tensorrt-inference-server;;;;;;;;;model-deployment;https://github.com/NVIDIA/tensorrt-inference-server;https://github.com/NVIDIA/tensorrt-inference-server;2018-10-04 21:10:30+00:00;2019-10-30 00:33:22+00:00;161;20.0;225.0;809;742.0;2019-10-30 00:03:52+00:00;1.7.0;12.0;The TensorRT Inference Server provides a cloud inferencing solution..;20;19;;BSD-3-Clause;;;;626.0;;;;;;;;;True;3;;;;;;;;;6888.0;;;;;;
139;Mongoku;huggingface/Mongoku;huggingface/mongoku;;mongoku;;;;;;db-gui;https://github.com/huggingface/Mongoku;https://github.com/huggingface/Mongoku;2018-02-10 13:04:11+00:00;2019-08-20 21:21:12+00:00;32;10.0;15.0;737;119.0;2019-07-31 20:26:27+00:00;1.3.0;9.0;The Web-scale GUI for MongoDB.;7;19;;MIT;3.0;;;7230.0;https://www.npmjs.com/package/mongoku;;290.0;;;https://hub.docker.com/r/huggingface/mongoku;1.0;138805.0;True;3;;;;;3.0;;;;;;;;;;
140;pgAdmin;postgres/pgadmin4;dpage/pgadmin4;;;;;;;;db-gui;https://github.com/postgres/pgadmin4;https://github.com/postgres/pgadmin4;2017-02-20 11:54:13+00:00;2019-10-29 16:00:07+00:00;142;10.0;;737;3390.0;;;;Web-based administration tool for the PostgreSQL database.;94;19;;;;;;617826.0;;;;;;https://hub.docker.com/r/dpage/pgadmin4;420.0;19770436.0;False;3;;;;;;;;;;;;;;;
141;BentoML;bentoml/bentoml;bentoml/bento_api_server;bentoml;;;;;;;model-deployment;https://github.com/bentoml/BentoML;https://github.com/bentoml/BentoML;2019-04-02 01:39:27+00:00;2019-10-29 18:03:38+00:00;69;7.0;52.0;544;337.0;2019-10-24 21:42:27+00:00;0.4.8;28.0;A platform for serving and deploying machine learning models.;8;19;https://pypi.org/project/bentoml;Apache-2.0;8.0;4.0;1048.0;1054.0;;;;;;https://hub.docker.com/r/bentoml/bento_api_server;;;True;3;;;;;4.0;;;;36.0;;;;;;
142;Katib;kubeflow/katib;katib/metrics-collector;;;;;;;;others;https://github.com/kubeflow/katib;https://github.com/kubeflow/katib;2018-04-03 17:07:12+00:00;2019-10-28 03:06:32+00:00;141;57.0;299.0;535;482.0;;;4.0;Repository for hyperparameter tuning.;37;19;;Apache-2.0;;;;36435.0;;;;;;https://hub.docker.com/r/katib/metrics-collector;;655741.0;True;3;;;;;;;;;93.0;;;;;;
143;Feast;gojek/feast;;feast;;;;;;;others;https://github.com/gojek/feast;https://github.com/gojek/feast;2018-12-10 07:20:15+00:00;2019-10-29 10:27:21+00:00;71;39.0;106.0;492;183.0;2019-06-21 08:55:43+00:00;0.1.2;6.0;Feature Store for Machine Learning.;15;19;https://pypi.org/project/feast;Apache-2.0;4.0;;418.0;466.0;;;;;;;;;True;3;;;;;4.0;;;;293.0;;;;;;
144;KFServing;kubeflow/kfserving;;kfserving;;;;;;;model-deployment;https://github.com/kubeflow/kfserving;https://github.com/kubeflow/kfserving;2019-03-27 21:14:14+00:00;2019-10-29 08:21:23+00:00;65;83.0;119.0;200;274.0;2019-10-29 07:11:34+00:00;0.2.3;7.0;Serverless Inferencing on Kubernetes.;28;19;https://pypi.org/project/kfserving;Apache-2.0;2.0;1.0;333.0;341.0;;;;;;;;;True;3;;;;;1.0;;;;32.0;;;;;;
145;TensorSpace.js;tensorspace-team/tensorspace;;;tensorspace;;;;;;model-viz;https://github.com/tensorspace-team/tensorspace;https://github.com/tensorspace-team/tensorspace;2018-07-22 14:14:29+00:00;2019-04-24 02:12:52+00:00;354;25.0;174.0;4002;687.0;2019-04-20 06:29:01+00:00;0.6;11.0;Neural network 3D visualization framework, build interactive and..;10;18;;Apache-2.0;11.0;;;62.0;https://www.npmjs.com/package/tensorspace;1.0;62.0;;;;;;True;2;;;;;10.0;;;;;;;tensorspace;;;
146;Spark Notebook;spark-notebook/spark-notebook;;;;;;;;;dev-environments;https://github.com/spark-notebook/spark-notebook;https://github.com/spark-notebook/spark-notebook;2014-09-05 19:35:25+00:00;2019-06-27 08:31:31+00:00;598;209.0;302.0;2851;2324.0;2017-07-23 14:44:02+00:00;0.8.3;18.0;Interactive and Reactive Data Science using Scala and Spark.;83;18;;Apache-2.0;;;;;;;;;;;;;True;3;;;;;;;;;;;;;;;
147;polynote;polynote/polynote;;;;;;;;;dev-environments;https://github.com/polynote/polynote;https://github.com/polynote/polynote;2019-01-12 23:22:41+00:00;2019-10-29 23:10:10+00:00;123;100.0;154.0;2069;1120.0;;;26.0;A better notebook for Scala (and more).;7;18;;Apache-2.0;;;;953.0;;;;;;;;;True;3;;;;;;;;;4767.0;;;;;;
148;Handout;danijar/handout;;handout;;;;;;;others;https://github.com/danijar/handout;https://github.com/danijar/handout;2018-08-28 15:30:22+00:00;2019-10-24 02:46:20+00:00;89;14.0;25.0;1796;45.0;2019-08-15 19:30:00+00:00;1.1.0;16.0;Turn Python scripts into handouts with Markdown and figures.;2;18;https://pypi.org/project/handout;Apache-2.0;5.0;;187.0;187.0;;;;;;;;;True;3;;;;;5.0;;;;;;;;;;
149;HeidiSQL;HeidiSQL/HeidiSQL;;;;;;;;;db-gui;https://github.com/HeidiSQL/HeidiSQL;https://github.com/HeidiSQL/HeidiSQL;2017-11-02 07:14:02+00:00;2019-10-29 20:46:41+00:00;165;292.0;458.0;1537;5059.0;2019-06-15 06:41:45+00:00;10.2;9.0;A lightweight client for managing MariaDB, MySQL, SQL Server and..;24;18;;GPL-2.0;;;;;;;;;;;;;False;3;;;;;;;;;;;;;;;
150;Wallaroo;WallarooLabs/wallaroo;;;;;;;;;data-processing;https://github.com/WallarooLabs/wallaroo;https://github.com/WallarooLabs/wallaroo;2015-12-30 15:11:24+00:00;2019-10-22 08:40:51+00:00;55;364.0;1419.0;1343;5255.0;2018-12-31 16:00:19+00:00;0.6.1;21.0;Distributed Stream Processing.;34;18;;Apache-2.0;;;;;;;;;;;;;True;3;;;;;;;;;;;;;;;
151;fx;metrue/fx;metrue/fx-docker;;;;;;;;faas;https://github.com/metrue/fx;https://github.com/metrue/fx;2017-10-21 04:43:44+00:00;2019-10-29 04:18:49+00:00;63;43.0;65.0;1289;611.0;2019-10-27 14:14:34+00:00;0.8.0-alpha.2d54466;100.0;fx is a framework to help you do Function as a Service with painless..;20;18;;MIT;;;;119.0;;;;;;https://hub.docker.com/r/metrue/fx-docker;;898.0;True;3;;;;;;;;;1804.0;;;;;;
152;Datawrapper;datawrapper/datawrapper;;;;;;;;;data-viz;https://github.com/datawrapper/datawrapper;https://github.com/datawrapper/datawrapper;2012-07-06 08:54:49+00:00;2019-10-29 22:26:37+00:00;233;95.0;;1011;7227.0;2018-04-06 14:51:50+00:00;1.19.0;22.0;An open source data visualization platform helping everyone to..;46;18;;MIT;;;;;;;;;;;;;True;3;;;;;;;;;;;;;;;
153;DataLab;googledatalab/datalab;;;;;;;;;dev-environments;https://github.com/googledatalab/datalab;https://github.com/googledatalab/datalab;2014-08-06 18:37:34+00:00;2019-10-29 14:06:54+00:00;234;213.0;655.0;887;2051.0;2019-01-17 18:31:29+00:00;1.2.20190116;18.0;Interactive tools and developer experiences for Big Data on Google..;50;18;;Apache-2.0;;;;;;;;;;;;;True;3;;;;;;;;;;;;;;;
154;Gearpump;gearpump/gearpump;;;;;;;;io.github.gearpump:gearpump-core;data-processing;https://github.com/gearpump/gearpump;https://github.com/gearpump/gearpump;2014-07-23 08:55:26+00:00;2019-10-17 16:18:23+00:00;145;6.0;991.0;713;2296.0;2019-02-12 23:31:01+00:00;0.9.0;35.0;Lightweight real-time big data streaming engine over Akka.;39;18;;Apache-2.0;;;;62.0;;;;;;;;;True;3;;;;;;;;;3683.0;;;;;;
155;Hydrosphere Serving;Hydrospheredata/hydro-serving;hydrosphere/serving-manager;hs;;;;;;;model-deployment;https://github.com/Hydrospheredata/hydro-serving;https://github.com/Hydrospheredata/hydro-serving;2017-05-22 10:27:30+00:00;2019-10-21 12:18:39+00:00;28;21.0;94.0;169;586.0;2019-04-29 13:39:08+00:00;2.0.6;37.0;Machine Learning Serving cluster.;17;18;https://pypi.org/project/hs;Apache-2.0;;;157.0;4529.0;;;;;;https://hub.docker.com/r/hydrosphere/serving-manager;;120081.0;True;3;;;;;;;;;5820.0;;;;;;
156;Netwulf;benmaier/netwulf;;netwulf;;;;;;;model-viz;https://github.com/benmaier/netwulf;https://github.com/benmaier/netwulf;2018-10-15 13:02:34+00:00;2019-10-02 08:26:59+00:00;15;6.0;23.0;163;193.0;2019-09-09 10:43:47+00:00;0.1.4;21.0;Interactive visualization of networks based on Ulf Aslak's d3 web app.;5;18;https://pypi.org/project/netwulf;MIT;5.0;;397.0;397.0;;;;;;;;;True;2;;;;;5.0;;;;;;;;;;
157;Hastic;hastic/hastic-server;hastic/server;;;;;;;;ml-applications;https://github.com/hastic/hastic-server;https://github.com/hastic/hastic-server;2018-05-21 14:19:25+00:00;2019-10-25 12:40:27+00:00;4;160.0;307.0;160;684.0;2019-10-07 15:34:01+00:00;0.3.7;22.0;Server for managing data for analytics.;5;18;;Apache-2.0;;;;2430.0;;;;;;https://hub.docker.com/r/hastic/server;;40940.0;True;2;;;;;;;;;356.0;;;;;;
158;DeOldify;jantic/DeOldify;;;;;;;;;ml-applications;https://github.com/jantic/DeOldify;https://github.com/jantic/DeOldify;2018-10-31 23:32:34+00:00;2019-10-30 00:30:00+00:00;870;14.0;103.0;8232;343.0;;;;A Deep Learning based project for colorizing and restoring old..;21;17;;MIT;;;;;;;;;;;;;True;2;;;;;;;;;;;;;;;
159;RStudio;rstudio/rstudio;;;;;;;;;dev-environments;https://github.com/rstudio/rstudio;https://github.com/rstudio/rstudio;2010-12-07 19:10:25+00:00;2019-10-29 23:34:27+00:00;728;1371.0;1610.0;2958;26762.0;;;;RStudio is an integrated development environment (IDE) for R.;92;17;;AGPL-3.0;;;;;;;;;;;;;False;3;;;;;;;;;;;;;;;
160;Glow;pytorch/glow;;;;;;;;;accelerators;https://github.com/pytorch/glow;https://github.com/pytorch/glow;2017-09-29 14:28:18+00:00;2019-10-29 23:53:16+00:00;306;175.0;366.0;1778;4400.0;;;;Compiler for Neural Network hardware accelerators.;110;17;;Apache-2.0;;;;;;;;;;;;;True;3;;;;;;;;;;;;;;;
161;Cortex;cortexlabs/cortex;;;;;;;;;model-deployment;https://github.com/cortexlabs/cortex;https://github.com/cortexlabs/cortex;2019-01-24 04:43:14+00:00;2019-10-29 20:59:36+00:00;68;57.0;235.0;1410;697.0;2019-10-16 00:05:41+00:00;0.9.0;13.0;Deploy machine learning models in production.;7;17;;Apache-2.0;;;;;;;;;;;;;True;3;;;;;;;;;;;;;;;
162;Samza;apache/samza;;;;;;;;org.apache.samza:samza-core;data-processing;https://github.com/apache/samza;https://github.com/apache/samza;2015-03-14 07:00:05+00:00;2019-10-28 21:09:38+00:00;244;30.0;;590;2006.0;;;;Near-realtime, asynchronous computational framework for stream..;169;17;;Apache-2.0;;;;;;;;;;;;;True;3;;;;;;;;;;;;;;;
163;DeepFaceLab;iperov/DeepFaceLab;;;;;;;;;ml-applications;https://github.com/iperov/DeepFaceLab;https://github.com/iperov/DeepFaceLab;2018-06-04 13:10:00+00:00;2019-10-27 14:53:09+00:00;2400;106.0;291.0;10564;623.0;;;;DeepFaceLab is a tool that utilizes machine learning to replace..;17;16;;GPL-3.0;;;;;;;;;;;;;False;3;;;;;;;;;;;;;;;
164;Real-Time-Voice-Cloning;CorentinJ/Real-Time-Voice-Cloning;;;;;;;;;ml-applications;https://github.com/CorentinJ/Real-Time-Voice-Cloning;https://github.com/CorentinJ/Real-Time-Voice-Cloning;2019-05-26 08:56:15+00:00;2019-10-03 12:28:16+00:00;1374;35.0;119.0;8969;237.0;;;;Clone a voice in 5 seconds to generate arbitrary speech in real-time.;9;16;;MIT;;;;;;;;;;;;;True;3;;;;;;;;;;;;;;;
165;Label Studio;heartexlabs/label-studio;heartexlabs/label-studio;;label-studio;;;;;;data-labeling;https://github.com/heartexlabs/label-studio;https://github.com/heartexlabs/label-studio;2019-06-19 02:00:44+00:00;2019-10-29 20:01:12+00:00;98;8.0;23.0;1776;119.0;2019-10-29 11:16:24+00:00;.0.2.1-5;11.0;Label Studio is a multi-type data labeling and annotation tool with..;11;16;;Apache-2.0;;;;236.0;https://www.npmjs.com/package/label-studio;;224.0;;;https://hub.docker.com/r/heartexlabs/label-studio;;50.0;True;2;;;;;;;;;;;;;;;
166;TensorRT;NVIDIA/TensorRT;;;;;;;;;accelerators;https://github.com/NVIDIA/TensorRT;https://github.com/NVIDIA/TensorRT;2019-05-02 22:02:08+00:00;2019-10-28 18:46:27+00:00;272;105.0;39.0;1492;23.0;2019-09-16 21:03:11+00:00;6.0.1;2.0;TensorRT is a C++ library for high performance inference on NVIDIA..;6;16;;Apache-2.0;;;;;;;;;;;;;True;3;;;;;;;;;;;;;;;
167;PixelAnnotationTool;abreheret/PixelAnnotationTool;;;;;;;;;data-labeling;https://github.com/abreheret/PixelAnnotationTool;https://github.com/abreheret/PixelAnnotationTool;2017-10-03 16:52:13+00:00;2019-10-22 14:24:40+00:00;156;14.0;24.0;605;75.0;2019-02-22 14:34:12+00:00;1.3.2;6.0;Annotate quickly images.;5;16;;LGPL-3.0;;;;386.0;;;;;;;;;False;2;;;;;;;;;9268.0;;;;;;
168;Sequeler;Alecaddd/sequeler;;;;;;;;;db-gui;https://github.com/Alecaddd/sequeler;https://github.com/Alecaddd/sequeler;2017-08-02 04:38:08+00:00;2019-09-15 00:58:57+00:00;46;41.0;168.0;469;650.0;2019-09-01 23:09:46+00:00;0.7.3;41.0;SQL Client built in Vala.;33;16;;GPL-3.0;;;;;;;;;;;;;False;3;;;;;;;;;;;;;;;
169;h2o-flow;h2oai/h2o-flow;;;;;;;;;dev-environments;https://github.com/h2oai/h2o-flow;https://github.com/h2oai/h2o-flow;2014-10-08 22:52:26+00:00;2019-10-12 14:19:09+00:00;56;4.0;;102;2878.0;2015-01-16 01:48:10+00:00;0.2.27;17.0;Web based interactive computing environment for H2O.;36;16;;MIT;;;;;;;;;;;;;True;3;;;;;;;;;;;;;;;
170;MediaPipe;google/mediapipe;;;;;;;;;others;https://github.com/google/mediapipe;https://github.com/google/mediapipe;2019-06-13 19:16:41+00:00;2019-10-29 23:01:40+00:00;568;44.0;156.0;3517;32.0;2019-10-25 22:00:59+00:00;0.6.3;5.0;MediaPipe is a cross-platform framework for building multimodal..;2;15;;Apache-2.0;;;;;;;;;;;;;True;3;;;;;;;;;;;;;;;
171;Automatic-Speech-Recognition;zzw922cn/Automatic_Speech_Recognition;;;;;;;;;ml-applications;https://github.com/zzw922cn/Automatic_Speech_Recognition;https://github.com/zzw922cn/Automatic_Speech_Recognition;2016-11-13 03:51:07+00:00;2019-10-17 01:02:05+00:00;507;67.0;19.0;2556;253.0;;;;End-to-end Automatic Speech Recognition for Madarian and English in..;9;15;;MIT;;;;;;;;;;;;;True;3;;;;;;;;;;;;;;;
172;Labelbox;Labelbox/Labelbox;;;;;;;;;data-labeling;https://github.com/Labelbox/Labelbox;https://github.com/Labelbox/Labelbox;2018-01-07 06:26:16+00:00;2019-10-15 15:29:24+00:00;182;19.0;;1195;748.0;;;;Labelbox is the fastest way to annotate data to build and ship..;14;15;;Apache-2.0;;;;;;;;;;;;;True;3;;;;;;;;;;;;;;;
173;FastoNoSQL;fastogt/fastonosql;;;;;;;;;db-gui;https://github.com/fastogt/fastonosql;https://github.com/fastogt/fastonosql;2015-07-18 09:10:48+00:00;2019-10-21 12:35:08+00:00;49;11.0;58.0;582;385.0;2019-09-02 13:35:47+00:00;2.5.1;50.0;FastoNoSQL is a crossplatform Redis, Memcached, SSDB, LevelDB,..;3;15;;GPL-3.0;;;;;;;;;;;;;False;3;;;;;;;;;;;;;;;
174;ImgLab;NaturalIntelligence/imglab;;;;;;;;;data-labeling;https://github.com/NaturalIntelligence/imglab;https://github.com/NaturalIntelligence/imglab;2017-10-25 12:28:24+00:00;2019-10-26 15:58:39+00:00;270;28.0;75.0;510;366.0;;;;To speedup and simplify image labeling/ annotation process with..;29;15;;MIT;;;;;;;;;;;;;True;3;;;;;;;;;;;;;;;
175;Semantic Segmentation Editor;Hitachi-Automotive-And-Industry-Lab/semantic-segmentation-editor;hitachiail/semantic-segmentation-editor;;;;;;;;data-labeling;https://github.com/Hitachi-Automotive-And-Industry-Lab/semantic-segmentation-editor;https://github.com/Hitachi-Automotive-And-Industry-Lab/semantic-segmentation-editor;2018-07-25 07:44:38+00:00;2019-10-10 06:11:33+00:00;141;12.0;45.0;441;31.0;2019-09-17 22:23:21+00:00;1.1.4;2.0;Web labeling tool for camera and LIDAR data.;2;15;;MIT;;;;47.0;;;;;;https://hub.docker.com/r/hitachiail/semantic-segmentation-editor;5.0;716.0;True;3;;;;;;;;;;;;;;;
176;RedisAI;RedisAI/RedisAI;redisai/redisai;;;;;;;;model-deployment;https://github.com/RedisAI/RedisAI;https://github.com/RedisAI/RedisAI;2016-09-18 14:59:36+00:00;2019-10-24 09:58:33+00:00;28;30.0;81.0;252;340.0;;;7.0;A Redis module for serving tensors and executing deep learning graphs.;15;15;;RSAL;;;;361.0;;;;;;https://hub.docker.com/r/redisai/redisai;;13377.0;False;3;;;;;;;;;;;;;;;
177;LOST;l3p-cv/lost;l3pcv/lost;;;;;;;;data-labeling;https://github.com/l3p-cv/lost;https://github.com/l3p-cv/lost;2018-11-12 16:04:39+00:00;2019-10-24 20:19:09+00:00;30;14.0;29.0;245;1203.0;;;;Label Objects and Save Time (LOST) - Design your own smart Image..;5;15;;MIT;;;;34.0;;;;;;https://hub.docker.com/r/l3pcv/lost;;379.0;True;3;;;;;;;;;;;;;;;
178;neural-style;anishathalye/neural-style;;;;;;;;;ml-applications;https://github.com/anishathalye/neural-style;https://github.com/anishathalye/neural-style;2015-11-21 23:40:00+00:00;2019-10-06 01:30:41+00:00;1380;5.0;111.0;4910;87.0;;;;Neural style in TensorFlow!.;17;14;;GPL-3.0;;;;;;;;;;;;;False;3;;;;;;;;;;;;;;;
179;Franchise;HVF/franchise;binakot/franchise;;;;;;;;db-gui;https://github.com/HVF/franchise;https://github.com/HVF/franchise;2017-08-01 17:40:56+00:00;2019-08-09 13:36:36+00:00;215;30.0;26.0;3506;78.0;;;;a notebook sql client. what you get when have a lot of sequels.;14;14;;MIT;;;;11.0;;;;;;https://hub.docker.com/r/binakot/franchise;2.0;304.0;True;3;;;;;;;;;;;;;;;
180;PocketFlow;Tencent/PocketFlow;;;;;;;;;accelerators;https://github.com/Tencent/PocketFlow;https://github.com/Tencent/PocketFlow;2018-10-31 07:45:21+00:00;2019-05-28 02:57:15+00:00;438;67.0;199.0;2304;214.0;;;;An Automatic Model Compression (AutoMC) framework for developing..;11;14;;BSD-3-Clause;;;;;;;;;;;;;True;3;;;;;;;;;;;;;;;
181;Deep Colorization;junyanz/interactive-deep-colorization;;;;;;;;;ml-applications;https://github.com/junyanz/interactive-deep-colorization;https://github.com/junyanz/interactive-deep-colorization;2017-05-08 07:27:47+00:00;2019-10-03 20:28:20+00:00;332;20.0;43.0;2008;58.0;;;;Deep learning software for colorizing black and white images with a..;7;14;;MIT;;;;;;;;;;;;;True;3;;;;;;;;;;;;;;;
182;BertViz;jessevig/bertviz;;;;;;;;;model-viz;https://github.com/jessevig/bertviz;https://github.com/jessevig/bertviz;2018-12-16 16:50:42+00:00;2019-09-29 15:15:11+00:00;180;11.0;8.0;990;162.0;;;;Tool for visualizing attention in the Transformer model (BERT,..;3;14;;Apache-2.0;;;;;;;;;;;;;True;3;;;;;;;;;;;;;;;
183;OpenVINO DLDT;opencv/dldt;;;;;;;;;model-deployment;https://github.com/opencv/dldt;https://github.com/opencv/dldt;2018-10-15 10:54:40+00:00;2019-10-29 15:19:48+00:00;271;152.0;89.0;867;11.0;2019-10-28 18:37:50+00:00;2019_R3.1;4.0;OpenVINO Toolkit - Deep Learning Deployment Toolkit repository.;7;14;;Apache-2.0;;;;19.0;;;;;;;;;True;3;;;;;;;;;97.0;;;;;;
184;GraphPipe;oracle/graphpipe;sleepsonthefloor/graphpipe-tf;graphpipe;;;;;;;model-deployment;https://github.com/oracle/graphpipe;https://github.com/oracle/graphpipe;2018-06-27 18:31:23+00:00;2018-11-02 19:04:45.778002+00:00;92;11.0;1.0;674;29.0;2018-08-15 21:29:32+00:00;1.0.4;5.0;Machine Learning Model Deployment Made Simple.;4;14;https://pypi.org/project/graphpipe;UPL-1.0;2.0;2.0;291.0;352.0;;;;;;https://hub.docker.com/r/sleepsonthefloor/graphpipe-tf;;990.0;False;3;;;github.com/oracle/graphpipe-go;;;;;;;;;;;;
185;ML Workspace;ml-tooling/ml-workspace;mltooling/ml-workspace;;;;;;;;dev-environments;https://github.com/ml-tooling/ml-workspace;https://github.com/ml-tooling/ml-workspace;2019-05-27 16:55:15+00:00;2019-10-18 11:59:17+00:00;64;3.0;4.0;646;477.0;;;;All-in-one web-based IDE specialized for machine learning and data..;6;14;;Apache-2.0;;;;982.0;;;;;;https://hub.docker.com/r/mltooling/ml-workspace;4.0;4911.0;True;3;;;;;;;;;;;;;;;
186;MLDB;mldbai/mldb;;;;;;;;;others;https://github.com/mldbai/mldb;https://github.com/mldbai/mldb;2015-12-08 16:34:16+00:00;2019-01-08 16:12:51+00:00;78;24.0;3.0;553;3338.0;2017-05-25 19:52:40+00:00;2017.04.17.0;20.0;MLDB is the Machine Learning Database.;15;14;;Apache-2.0;;;;;;;;;;;;;True;3;;;;;;;;;;;;;;;
187;OpenLabeling;Cartucho/OpenLabeling;;;;;;;;;data-labeling;https://github.com/Cartucho/OpenLabeling;https://github.com/Cartucho/OpenLabeling;2018-01-19 14:30:09+00:00;2019-08-22 16:17:25+00:00;131;11.0;22.0;466;155.0;2018-09-06 11:01:08+00:00;1.3;4.0;Label images and video for Computer Vision applications.;13;14;;Apache-2.0;;;;;;;;;;;;;True;3;;;;;;;;;;;;;;;
188;PennAI;EpistasisLab/pennai;moorelab/pennai_lab;;;;;;;;ml-platforms;https://github.com/EpistasisLab/pennai;https://github.com/EpistasisLab/pennai;2017-05-09 14:13:25+00:00;2019-10-25 15:31:43+00:00;23;52.0;132.0;93;3796.0;;;6.0;the Penn AI engine.;38;14;;GPL-3.0;;;;9.0;;;;;;https://hub.docker.com/r/moorelab/pennai_lab;;25.0;False;3;;;;;;;;;149.0;;;;;;
189;ML Hub;ml-tooling/ml-hub;mltooling/ml-hub;;;;;;;;dev-environments;https://github.com/ml-tooling/ml-hub;https://github.com/ml-tooling/ml-hub;2019-06-26 15:05:50+00:00;2019-10-22 12:40:45.352337+00:00;4;;;35;139.0;2019-10-02 11:50:18+00:00;0.1.6;3.0;Multi-user hub which spawns, manages, and proxies multiple workspace..;4;14;;Apache-2.0;;;;457.0;;;;;;https://hub.docker.com/r/mltooling/ml-hub;1.0;1713.0;False;3;;;;;;;;;29.0;;;;;;
190;GANDissect;CSAILVision/gandissect;;;;;;;;;model-viz;https://github.com/CSAILVision/gandissect;https://github.com/CSAILVision/gandissect;2018-11-19 14:16:08+00:00;2019-06-05 17:02:30+00:00;214;6.0;6.0;1438;34.0;;;;Pytorch-based tools for visualizing and understanding the neurons of..;3;13;;MIT;;;;;;;;;;;;;True;3;;;;;;;;;;;;;;;
191;Dex;PatMartin/Dex;;;;;;;;;data-viz;https://github.com/PatMartin/Dex;https://github.com/PatMartin/Dex;2016-03-29 01:55:10+00:00;2019-02-12 02:26:22+00:00;297;3.0;10.0;1160;596.0;;;;Dex : The Data Explorer -- A data visualization tool written in..;1;13;;Apache-2.0;;;;;;;;;;;;;True;3;;;;;;;;;;;;;;;
192;Fabrik;Cloud-CV/Fabrik;;;;;;;;;model-viz;https://github.com/Cloud-CV/Fabrik;https://github.com/Cloud-CV/Fabrik;2016-05-28 17:51:46+00:00;2019-02-10 10:30:41+00:00;236;34.0;93.0;1019;291.0;;;;Collaboratively build, visualize, and design neural nets in browser.;45;13;;GPL-3.0;;;;;;;;;;;;;False;3;;;;;;;;;;;;;;;
193;Openscoring;openscoring/openscoring;;;;;;;;org.openscoring:openscoring;model-deployment;https://github.com/openscoring/openscoring;https://github.com/openscoring/openscoring;2013-04-02 19:44:04+00:00;2019-06-20 10:48:29+00:00;143;6.0;44.0;476;511.0;2019-01-12 09:00:42+00:00;1.4.5;38.0;REST web service for the true real-time scoring (<1 ms) of R,..;1;13;;AGPL-3.0;;;;84.0;;;;https://search.maven.org/artifact/org.openscoring/openscoring;;;;;False;3;;;;;;;;;1354.0;;;;;;
194;FastPhotoStyle;NVIDIA/FastPhotoStyle;;;;;;;;;ml-applications;https://github.com/NVIDIA/FastPhotoStyle;https://github.com/NVIDIA/FastPhotoStyle;2018-02-14 17:29:52+00:00;2019-05-14 09:40:36+00:00;993;37.0;35.0;9914;92.0;;;1.0;Style transfer, deep learning, feature transform.;5;12;;;;;;;;;;;;;;;False;3;;;;;;;;;;;;;;;
195;AlphaPose;MVIG-SJTU/AlphaPose;;;;;;;;;ml-applications;https://github.com/MVIG-SJTU/AlphaPose;https://github.com/MVIG-SJTU/AlphaPose;2018-01-17 02:33:17+00:00;2019-08-01 03:53:43+00:00;851;78.0;356.0;3240;120.0;;;;Real-Time and Accurate Multi-Person Pose Estimation&Tracking System.;9;12;;;;;;;;;;;;;;;False;3;;;;;;;;;;;;;;;
196;makesense.ai;SkalskiP/make-sense;;;;;;;;;data-labeling;https://github.com/SkalskiP/make-sense;https://github.com/SkalskiP/make-sense;2019-06-14 17:22:39+00:00;2019-10-08 07:43:41+00:00;88;10.0;15.0;859;325.0;;;7.0;Free to use online tool for labelling photos. https://makesense.ai.;8;12;;GPL-3.0;;;;;;;;;;;;;False;3;;;;;;;;;;;;;;;
197;jupyter-innotater;ideonate/jupyter-innotater;;jupyter_innotater;;;;;;;data-labeling;https://github.com/ideonate/jupyter-innotater;https://github.com/ideonate/jupyter-innotater;2019-03-05 14:17:36+00:00;2019-07-29 14:12:14+00:00;3;3.0;5.0;24;90.0;2019-07-29 13:00:37+00:00;0.1.7;7.0;Inline data annotator for Jupyter notebooks.;1;12;https://pypi.org/project/jupyter_innotater;MIT;;;72.0;72.0;;;;;;;;;False;3;;;;;;;;;;;;;;;
198;Flotilla;stitchfix/flotilla-os;;;;;;;;;pipelines;https://github.com/stitchfix/flotilla-os;https://github.com/stitchfix/flotilla-os;2017-07-05 20:22:42+00:00;2019-10-29 23:34:11+00:00;7;19.0;26.0;135;225.0;;;;Self-service framework for defining and executing containerized jobs.;8;11;;Apache-2.0;;;;;;;;;;;;;True;3;;;;;;;;;;;;;;;
199;MySQL Workbench;mysql/mysql-workbench;;;;;;;;;db-gui;https://github.com/mysql/mysql-workbench;https://github.com/mysql/mysql-workbench;2015-10-22 13:43:06+00:00;2019-10-14 13:36:19+00:00;132;;;403;;;;;MySQL Workbench is a unified visual tool for database architects,..;18;10;;GPL-2.0;;;;;;;;;;;;;False;3;;;;;;;;;;;;;;;
200;exBERT;bhoov/exbert;;;;;;;;;model-viz;https://github.com/bhoov/exbert;https://github.com/bhoov/exbert;2019-10-14 02:01:13+00:00;2019-10-25 13:31:26+00:00;13;3.0;1.0;95;11.0;;;;A Visual Analysis Tool to Explore Learned Representations in..;3;8;;Apache-2.0;;;;;;;;;;;;;False;3;;;;;;;;;;;;;;;
201;superintendent;janfreyberg/superintendent;;;;;;;;;data-labeling;https://github.com/janfreyberg/superintendent;https://github.com/janfreyberg/superintendent;2017-11-27 09:23:06+00:00;2019-09-29 12:02:43+00:00;8;4.0;10.0;76;137.0;;;;Practical active learning in python.;6;8;;;2.0;;;;;;;;;;;;False;3;;;;;2.0;;;;;;;;;;
202;BERTsearch;Hironsan/bertsearch;;;;;;;;;ml-applications;https://github.com/Hironsan/bertsearch;https://github.com/Hironsan/bertsearch;2019-09-25 20:19:02+00:00;2019-10-03 12:35:31+00:00;31;2.0;1.0;183;14.0;;;;Elasticsearch with BERT for advanced document search.;2;7;;;;;;;;;;;;;;;False;3;;;;;;;;;;;;;;;
